run_id,run_name,test_accuracy,sample_size,layer_structure,rank_0,rank_1,rank_2,rank_3,weight_mean_0,weight_mean_1,weight_mean_2,weight_mean_3,weight_std_0,weight_std_1,weight_std_2,weight_std_3,activation_mean_global,activation_std_global,pca_explained_var
ib2bl6iy,sample_8000,0.14419999718666077,1000,"(8, 8, 8)",8,8,8,8,0.00013346541,0.032302402,0.0036051758,-0.00615263,0.020565106,0.21843286,0.1936269,0.21005799,0.1515558362007141,0.13138756155967712,0.5285343
xx55nuv1,sample_12000,0.2240999937057495,1000,"(8, 8, 8)",8,8,8,8,0.00048858195,0.033552013,0.0039296485,-0.0061526247,0.020687765,0.21941793,0.19537367,0.21137315,0.23473511636257172,0.17348718643188477,0.6140305
8wagatc7,sample_25000,0.24809999763965607,1000,"(8, 8, 8)",8,8,8,8,0.0008363585,0.035285175,0.004247915,-0.00615253,0.02091886,0.22138254,0.19824257,0.21359704,0.32073840498924255,0.22039097547531128,0.69847023
vq6vno5i,sample_32000,0.30309998989105225,1000,"(8, 8, 8)",8,8,8,8,0.0008242132,0.035240628,0.004257299,-0.006152518,0.02090245,0.22123247,0.19809145,0.21351695,0.31810861825942993,0.21768313646316528,0.6994241
05anfl9v,sample_40000,0.40540000796318054,1000,"(8, 8, 8)",8,8,8,8,0.0035063138,0.055210575,0.009392427,-0.006152534,0.024885498,0.25740483,0.24256057,0.24844041,0.9842097759246826,0.593155562877655,0.7772119
xg7k5jk2,sample_47000,0.4587000012397766,1000,"(8, 8, 8)",8,8,8,8,0.004754742,0.06677127,0.013193274,-0.006152508,0.027213579,0.2790339,0.2686711,0.27026862,1.2923235893249512,0.7679365873336792,0.7602857
fjzdtqn6,sample_55000,0.5509999990463257,1000,"(8, 8, 8)",8,8,8,8,0.006287855,0.08365683,0.022076556,-0.0061523886,0.030471733,0.30924147,0.30481526,0.30136052,1.7028584480285645,0.9749772548675537,0.7323929
ahxn03zg,sample_8000,0.08560000360012054,1000,"(16, 16, 16)",16,16,16,10,0.000115092575,0.00064974884,-0.0038317034,0.011228234,0.020610278,0.15073901,0.14524682,0.14816631,0.08061428368091583,0.09021065384149551,0.35388264
m8jgykhz,sample_12000,0.21080000698566437,1000,"(16, 16, 16)",16,16,16,10,0.0005298258,0.0016409345,-0.0037021535,0.011228284,0.020834874,0.15231238,0.14718638,0.15039618,0.20418208837509155,0.16314229369163513,0.62738466
y6btrsqj,sample_25000,0.30000001192092896,1000,"(16, 16, 16)",16,16,16,10,0.0012411089,0.0073570986,0.0016149463,0.011228316,0.021875314,0.15943305,0.1557204,0.16417621,0.4457176923751831,0.30642348527908325,0.78287244
yayakl8q,sample_32000,0.4275000095367432,1000,"(16, 16, 16)",16,16,16,10,0.0018882785,0.013068149,0.0068964646,0.011228254,0.023017906,0.16718827,0.16447473,0.17861158,0.6405273675918579,0.4135024845600128,0.8009654
61mop6vn,sample_40000,0.5516999959945679,1000,"(16, 16, 16)",16,16,16,10,0.0029048184,0.020930327,0.014221066,0.011228319,0.024934828,0.1802615,0.17861557,0.20087181,0.9271469116210938,0.5580370426177979,0.7790811
naqoxtq1,sample_47000,0.6428999900817871,1000,"(16, 16, 16)",16,16,16,10,0.0037549208,0.02754793,0.02043416,0.011228288,0.02678346,0.19287768,0.19202873,0.2211574,1.165002703666687,0.6696948409080505,0.7404834
agn6rknv,sample_55000,0.7016000151634216,1000,"(16, 16, 16)",16,16,16,10,0.0043906886,0.032933254,0.025252765,0.011228326,0.028567562,0.20498826,0.20473693,0.23969902,1.3496894836425781,0.756848156452179,0.69176567
vgnbngxe,sample_8000,0.10769999772310256,1000,"(32, 32, 32)",32,32,32,10,0.00031792538,0.0013663757,0.004673966,-0.00096162315,0.020631813,0.10113249,0.1010429,0.102454,0.12057200074195862,0.11406375467777252,0.39919046
sedngrzw,sample_12000,0.21819999814033508,1000,"(32, 32, 32)",32,32,32,10,0.00053499074,0.0016902676,0.0048882556,-0.0009616241,0.020692702,0.101457775,0.1013843,0.10366491,0.1687828004360199,0.14121589064598083,0.5159506
gvsr9npy,sample_25000,0.37049999833106995,1000,"(32, 32, 32)",32,32,32,10,0.0010200146,0.0028842946,0.0060432022,-0.000961607,0.02090585,0.10259623,0.10253971,0.107917495,0.2804945707321167,0.20840737223625183,0.6529471
0bldvaii,sample_32000,0.5781000256538391,1000,"(32, 32, 32)",32,32,32,10,0.0026174923,0.010322668,0.012433657,-0.0009615794,0.022563878,0.1111463,0.11133367,0.13603678,0.6954915523529053,0.44470322132110596,0.7127426
qobtpism,sample_40000,0.7319999933242798,1000,"(32, 32, 32)",32,32,32,10,0.0035271712,0.015825607,0.016488506,-0.0009615412,0.024051383,0.11858386,0.11902089,0.15714745,0.9453728199005127,0.5734533071517944,0.6576864
yls35uef,sample_47000,0.7700999975204468,1000,"(32, 32, 32)",32,32,32,10,0.003970867,0.018725306,0.018392488,-0.00096154027,0.024933463,0.122926734,0.12352334,0.16871458,1.069503664970398,0.6316856145858765,0.63230026
ay6h4ymd,sample_55000,0.8019000291824341,1000,"(32, 32, 32)",32,32,32,10,0.0042517115,0.020767633,0.019555246,-0.00096150895,0.025616972,0.12624872,0.12697214,0.17722785,1.1504141092300415,0.6655735373497009,0.61531293
em8it6mr,sample_8000,0.10459999740123747,1000,"(64, 64, 64)",64,64,64,10,6.720549e-05,0.0017197221,-0.0009644579,0.00096421794,0.020585733,0.07203523,0.07127576,0.06984018,0.08781438320875168,0.09156084805727005,0.24751954
pthhcoo4,sample_12000,0.2231000065803528,1000,"(64, 64, 64)",64,64,64,10,0.0001288302,0.0017692385,-0.00086693594,0.0009642228,0.020600518,0.0720875,0.07133311,0.07030166,0.10184787213802338,0.10018015652894974,0.28903258
j31td50k,sample_25000,0.5333999991416931,1000,"(64, 64, 64)",64,64,64,10,0.00048527503,0.0022612046,-0.00016147527,0.00096423144,0.02072384,0.07252992,0.07182568,0.074127145,0.18728229403495789,0.14818574488162994,0.48407325
63hnamqk,sample_32000,0.5120999813079834,1000,"(64, 64, 64)",64,64,64,10,0.00047828085,0.002244475,-0.00017604546,0.0009642316,0.020720858,0.07251935,0.07181256,0.074030384,0.18550872802734375,0.1472698152065277,0.48179755
nzgmda5w,sample_40000,0.6833999752998352,1000,"(64, 64, 64)",64,64,64,10,0.0019202629,0.0065178564,0.0040450883,0.000964227,0.021855054,0.07656622,0.07618016,0.10013091,0.5539483428001404,0.3470095992088318,0.6547156
s3ybza4f,sample_47000,0.7718999981880188,1000,"(64, 64, 64)",64,64,64,10,0.002452726,0.008376286,0.0056114066,0.00096425565,0.022604773,0.07921752,0.07896283,0.113732174,0.6952399015426636,0.425758957862854,0.61709785
m4n13us3,sample_55000,0.8148999810218811,1000,"(64, 64, 64)",64,64,64,10,0.0027939726,0.009591639,0.0066152033,0.00096425053,0.023223964,0.08139808,0.08122945,0.123952225,0.7859978675842285,0.4763891100883484,0.5771326
z16xl4c5,sample_8000,0.2565999925136566,1000,"(128, 128, 128)",128,128,128,10,8.191014e-05,0.00020641764,0.0008869427,-0.0006397007,0.02059799,0.051255822,0.050929565,0.05109134,0.09349125623703003,0.09376558661460876,0.23868454
d1lzbu93,sample_12000,0.37209999561309814,1000,"(128, 128, 128)",128,128,128,10,0.00015000174,0.00028680533,0.00093964784,-0.0006397015,0.020611681,0.0512905,0.050963428,0.05156103,0.1087406575679779,0.10153717547655106,0.29840153
ls2aq97z,sample_25000,0.4117000102996826,1000,"(128, 128, 128)",128,128,128,10,0.00020140881,0.00035054563,0.0009900325,-0.00063970085,0.020623624,0.0513209,0.05099358,0.051979296,0.12026643753051758,0.10761912912130356,0.33998877
0yhabf3i,sample_32000,0.6172999739646912,1000,"(128, 128, 128)",128,128,128,10,0.0010330871,0.0018861527,0.0023039845,-0.0006396958,0.021024374,0.052344307,0.05203471,0.06485043,0.3213348090648651,0.21894729137420654,0.61852145
u3dbqdud,sample_40000,0.7685999870300293,1000,"(128, 128, 128)",128,128,128,10,0.0015777204,0.0032119714,0.0033378864,-0.00063968776,0.021528414,0.053613994,0.053334307,0.077895306,0.4652210474014282,0.2966829240322113,0.6106271
nnidb8e6,sample_47000,0.8179000020027161,1000,"(128, 128, 128)",128,128,128,10,0.0018495452,0.0038995147,0.00384725,-0.0006396815,0.021887032,0.054509684,0.05425247,0.08597217,0.5364881157875061,0.3359653353691101,0.57579005
v3ytnwym,sample_55000,0.8442999720573425,1000,"(128, 128, 128)",128,128,128,10,0.002017921,0.00433895,0.0041726306,-0.0006396691,0.022159493,0.055186555,0.054946005,0.09166516,0.58018559217453,0.3587692975997925,0.55065733
blhgmw1p,sample_8000,0.3260999917984009,1000,"(256, 256, 256)",256,256,256,10,7.818622e-05,-0.00015888867,5.8065052e-05,0.00036553506,0.020620827,0.03611783,0.036094222,0.03599417,0.08281207829713821,0.08908668160438538,0.19805121
tvb2qzt3,sample_12000,0.39309999346733093,1000,"(256, 256, 256)",256,256,256,10,0.00011309102,-0.000120098324,8.185014e-05,0.0003655365,0.02062639,0.036128175,0.03610506,0.03630916,0.09050419926643372,0.0930740237236023,0.22604035
t9urjrfy,sample_25000,0.4670999944210053,1000,"(256, 256, 256)",256,256,256,10,0.00023615564,2.6027847e-05,0.00017110564,0.0003655371,0.020649947,0.036171857,0.036150567,0.037597954,0.11763037741184235,0.10744406282901764,0.31726158
sv3xk7ym,sample_32000,0.6133000254631042,1000,"(256, 256, 256)",256,256,256,10,0.00071149244,0.0007065538,0.0006899592,0.0003655431,0.0208141,0.03647374,0.036463555,0.045307726,0.22983652353286743,0.16680577397346497,0.51881087
mhp08jrh,sample_40000,0.7584999799728394,1000,"(256, 256, 256)",256,256,256,10,0.0011237905,0.0013631713,0.0012071502,0.0003655407,0.02106997,0.036937773,0.036940437,0.054749563,0.334823876619339,0.22259876132011414,0.5521341
5y312gpz,sample_47000,0.8098999857902527,1000,"(256, 256, 256)",256,256,256,10,0.0013356935,0.0017054586,0.0014598658,0.00036555325,0.02125533,0.03727121,0.037281994,0.06059777,0.3893626034259796,0.2514103651046753,0.53640956
ogsrd332,sample_55000,0.8420000076293945,1000,"(256, 256, 256)",256,256,256,10,0.0014686055,0.00192286,0.0016206558,0.0003655591,0.02140429,0.03753757,0.037554175,0.064896576,0.4241640567779541,0.2687884271144867,0.5190996
04dfhsa0,sample_8000,0.4744000136852264,1000,"(512, 512, 512)",512,512,512,10,6.461385e-05,4.8583235e-05,7.790891e-07,0.0004310565,0.020621242,0.025513578,0.025506858,0.025633438,0.08360972255468369,0.09016119688749313,0.194781
m2dlx52q,sample_12000,0.5170999765396118,1000,"(512, 512, 512)",512,512,512,10,9.747501e-05,8.182888e-05,2.591252e-05,0.00043105782,0.02062579,0.025519341,0.02551282,0.025949823,0.09045276045799255,0.09362617135047913,0.22127429
ip4f87o9,sample_25000,0.5934000015258789,1000,"(512, 512, 512)",512,512,512,10,0.00036584988,0.00036367925,0.0002264151,0.00043105954,0.020683426,0.025592683,0.025589477,0.02975752,0.14889492094516754,0.12434372305870056,0.39572346
4r8oqidm,sample_32000,0.7278000116348267,1000,"(512, 512, 512)",512,512,512,10,0.00064430863,0.0006851602,0.0004619623,0.00043106097,0.020786492,0.025723403,0.025725875,0.03552712,0.21633568406105042,0.15856024622917175,0.47771853
wmjl1smz,sample_40000,0.8058000206947327,1000,"(512, 512, 512)",512,512,512,10,0.00087217917,0.0009502745,0.0006676819,0.00043106568,0.02091338,0.025883717,0.02589163,0.041448854,0.27382850646972656,0.18764963746070862,0.48656815
896s61kj,sample_47000,0.8413000106811523,1000,"(512, 512, 512)",512,512,512,10,0.0009736908,0.0010690055,0.000757348,0.00043106955,0.02099038,0.025980605,0.025991296,0.044632275,0.29941174387931824,0.20049843192100525,0.4752518
k572ezq8,sample_55000,0.8626000285148621,1000,"(512, 512, 512)",512,512,512,10,0.0010383073,0.0011464613,0.00081366056,0.00043107755,0.021053307,0.026059464,0.026072165,0.047057133,0.31570571660995483,0.20858028531074524,0.46346468
g0ozoxzu,sample_8000,0.11349999904632568,1000,"(8, 8, 8)",8,8,8,8,-0.000106568965,0.022519248,0.019606933,-0.04028963,0.020662883,0.19189352,0.19662367,0.18827714,0.05969548970460892,0.07267125695943832,0.6023838
2co1lls8,sample_12000,0.11349999904632568,1000,"(8, 8, 8)",8,8,8,8,-9.4119525e-05,0.022525376,0.019596681,-0.04028963,0.02066381,0.19190247,0.19664115,0.18827635,0.06116269901394844,0.07386410236358643,0.59542155
xbc68s1t,sample_25000,0.29420000314712524,1000,"(8, 8, 8)",8,8,8,8,0.0016476557,0.032707784,0.031155821,-0.04028957,0.022070633,0.20610046,0.21319018,0.2060482,0.458947092294693,0.3266046643257141,0.8523414
mpfaskry,sample_32000,0.2994000017642975,1000,"(8, 8, 8)",8,8,8,8,0.0019009963,0.035079986,0.03329218,-0.040289603,0.022440277,0.20983636,0.21735513,0.21050106,0.5250755548477173,0.36304429173469543,0.85978013
c1iw55iu,sample_40000,0.3702999949455261,1000,"(8, 8, 8)",8,8,8,8,0.003872369,0.053295307,0.051027283,-0.0402895,0.026033008,0.24646585,0.25598362,0.25166103,1.0211164951324463,0.6462332606315613,0.85166883
1s87bhgd,sample_47000,0.4271000027656555,1000,"(8, 8, 8)",8,8,8,8,0.004799165,0.06312058,0.059472054,-0.040289477,0.027869826,0.26494208,0.27555123,0.27151763,1.2545969486236572,0.7543517351150513,0.8274286
us92du3r,sample_55000,0.486299991607666,1000,"(8, 8, 8)",8,8,8,8,0.005850663,0.074826434,0.06930182,-0.040289342,0.02972412,0.28333515,0.2951584,0.2909417,1.5283706188201904,0.8472501039505005,0.81336725
67jenx9o,sample_8000,0.11599999666213988,1000,"(16, 16, 16)",16,16,16,10,0.00022745604,0.008881638,0.0073747598,0.00960193,0.020759173,0.14203756,0.14895865,0.14860675,0.12859022617340088,0.10370936989784241,0.66983867
wnrfrg4j,sample_12000,0.1662999987602234,1000,"(16, 16, 16)",16,16,16,10,0.0005391469,0.009473221,0.007734785,0.009601938,0.020919336,0.14318947,0.15003385,0.15033881,0.19254238903522491,0.1457594633102417,0.76515096
3m76nktp,sample_25000,0.2379000037908554,1000,"(16, 16, 16)",16,16,16,10,0.0010974315,0.011562924,0.010048833,0.009601938,0.021418877,0.14678235,0.1536487,0.1565358,0.313584566116333,0.22794166207313538,0.8427181
dt089sge,sample_32000,0.3598000109195709,1000,"(16, 16, 16)",16,16,16,10,0.0026014724,0.01983986,0.021586567,0.009601995,0.02373418,0.16343145,0.16997088,0.18414457,0.6814035177230835,0.4532574713230133,0.85127866
7h1j9vfk,sample_40000,0.5771999955177307,1000,"(16, 16, 16)",16,16,16,10,0.0035004118,0.024775736,0.02812213,0.009601997,0.025422415,0.17562719,0.18172635,0.20332468,0.9290502071380615,0.588411808013916,0.77110755
sx17dbly,sample_47000,0.6780999898910522,1000,"(16, 16, 16)",16,16,16,10,0.0042096153,0.02931597,0.03244712,0.009602,0.027085612,0.1875471,0.19343708,0.2214553,1.142936110496521,0.6999896764755249,0.69975424
onnr4h62,sample_55000,0.7215999960899353,1000,"(16, 16, 16)",16,16,16,10,0.004843806,0.033744946,0.036525577,0.009602021,0.028698672,0.1990223,0.20461953,0.2382711,1.3349934816360474,0.7964003682136536,0.6489824
ldiz3v1z,sample_8000,0.0957999974489212,1000,"(32, 32, 32)",32,32,32,10,-6.975922e-06,0.0034380234,-0.00082371116,0.0027365645,0.020646414,0.099151835,0.10523214,0.103003584,0.07119621336460114,0.07274328172206879,0.31497502
59h5nqoo,sample_12000,0.16369999945163727,1000,"(32, 32, 32)",32,32,32,10,0.00028029864,0.0037808092,-0.0004904353,0.0027365643,0.020707631,0.09946462,0.10556802,0.104156144,0.12259303033351898,0.10934653878211975,0.49932748
k63zqx80,sample_25000,0.3549000024795532,1000,"(32, 32, 32)",32,32,32,10,0.000680396,0.0048833257,0.0009995587,0.0027365887,0.020890174,0.10040135,0.10658699,0.10820575,0.20457276701927185,0.16641047596931458,0.6417676
kfzyzpe7,sample_32000,0.482699990272522,1000,"(32, 32, 32)",32,32,32,10,0.0014620996,0.009071017,0.0052311514,0.002736599,0.021646373,0.10419124,0.11060459,0.12265966,0.3776191473007202,0.29269924759864807,0.74725884
o0wns60r,sample_40000,0.6049000024795532,1000,"(32, 32, 32)",32,32,32,10,0.0022035139,0.013447333,0.00922139,0.0027366043,0.022738818,0.10964212,0.11622785,0.1406224,0.5773710012435913,0.4097079634666443,0.7265037
6yha0uob,sample_47000,0.6496000289916992,1000,"(32, 32, 32)",32,32,32,10,0.002922481,0.017595155,0.012377663,0.002736618,0.023965618,0.11576492,0.12251984,0.15850092,0.7779672145843506,0.5090190172195435,0.6921037
m4rkjs39,sample_55000,0.741100013256073,1000,"(32, 32, 32)",32,32,32,10,0.0034754921,0.021034516,0.014760273,0.0027366672,0.025070831,0.12122912,0.12809409,0.17300312,0.9279441833496094,0.578062891960144,0.6635593
fhc6niq8,sample_8000,0.1876000016927719,1000,"(64, 64, 64)",64,64,64,10,5.4596843e-05,0.00063068204,0.0013607589,-0.0005947292,0.020620232,0.07228537,0.07176239,0.07245396,0.08379528671503067,0.08089761435985565,0.23919153
aq9ogd6i,sample_12000,0.298799991607666,1000,"(64, 64, 64)",64,64,64,10,0.0001919848,0.00077601324,0.0014215392,-0.00059472193,0.020645346,0.07237425,0.07186355,0.07316706,0.11034291237592697,0.09648841619491577,0.33535162
ma8yk4qj,sample_25000,0.3785000145435333,1000,"(64, 64, 64)",64,64,64,10,0.00043514994,0.0012019179,0.0016295544,-0.00059470924,0.020719238,0.072640024,0.07216067,0.07518061,0.16385474801063538,0.1263648271560669,0.4958432
0160bl76,sample_32000,0.4483000040054322,1000,"(64, 64, 64)",64,64,64,10,0.0004619865,0.0012588552,0.0016534603,-0.0005947057,0.020727795,0.0726709,0.07219429,0.075392745,0.16978120803833008,0.12957604229450226,0.508839
ngsduj2l,sample_40000,0.6385999917984009,1000,"(64, 64, 64)",64,64,64,10,0.001938142,0.005699401,0.005466492,-0.0005946982,0.021879943,0.076809965,0.07661353,0.101934396,0.5350767374038696,0.3315868377685547,0.68789953
9eaav9rx,sample_47000,0.746399998664856,1000,"(64, 64, 64)",64,64,64,10,0.0024543314,0.007426134,0.0068586436,-0.00059469166,0.022626588,0.07947193,0.0793871,0.11544098,0.6760213375091553,0.40666472911834717,0.63874507
80rnps6b,sample_55000,0.8044000267982483,1000,"(64, 64, 64)",64,64,64,10,0.0028301608,0.008672044,0.007874572,-0.00059469126,0.023284275,0.08181084,0.08180218,0.12623373,0.776660680770874,0.4581958055496216,0.596365
ch2ycpcy,sample_8000,0.28679999709129333,1000,"(128, 128, 128)",128,128,128,10,3.716399e-05,0.0008292536,-0.00011855093,-0.00061062037,0.020580972,0.051310275,0.050960142,0.04977927,0.08427943289279938,0.08415749669075012,0.2126745
phzxy6y3,sample_12000,0.34290000796318054,1000,"(128, 128, 128)",128,128,128,10,5.778434e-05,0.0008556852,-0.00011019898,-0.00061061984,0.020584948,0.051319707,0.050970703,0.049916547,0.08888959884643555,0.08662714809179306,0.22953942
m8f7htjw,sample_25000,0.43059998750686646,1000,"(128, 128, 128)",128,128,128,10,0.00038612922,0.0013587929,0.00017042732,-0.0006106055,0.020678744,0.051548414,0.05122308,0.0532503,0.16281569004058838,0.1274416744709015,0.447205
opln1vp9,sample_32000,0.5102999806404114,1000,"(128, 128, 128)",128,128,128,10,0.00075722084,0.0020323023,0.00076215295,-0.0006106024,0.020851541,0.05197832,0.051687986,0.059049707,0.2502708435058594,0.17573904991149902,0.576926
m93oozh9,sample_40000,0.7095999717712402,1000,"(128, 128, 128)",128,128,128,10,0.0013155075,0.0032854348,0.001823432,-0.00061059877,0.021262424,0.05299986,0.052777164,0.07091165,0.39327743649482727,0.2502838671207428,0.62276113
cbk4bspu,sample_47000,0.7846999764442444,1000,"(128, 128, 128)",128,128,128,10,0.0016986143,0.004193512,0.0024967147,-0.0006105929,0.021672703,0.05401923,0.053851016,0.08095764,0.4958765506744385,0.3030473589897156,0.5866631
p9cd0k5w,sample_55000,0.8296999931335449,1000,"(128, 128, 128)",128,128,128,10,0.0019436299,0.004797975,0.0029179058,-0.00061057386,0.022020636,0.054880675,0.054750983,0.08857731,0.5609765648841858,0.33679983019828796,0.5517645
v9b5nd3t,sample_8000,0.31349998712539673,1000,"(256, 256, 256)",256,256,256,10,5.4763153e-05,-2.4035333e-05,0.00010985177,-0.0008401702,0.020595552,0.03603844,0.035967316,0.0362566,0.083840012550354,0.08725987374782562,0.2061517
7gtvpe15,sample_12000,0.3668000102043152,1000,"(256, 256, 256)",256,256,256,10,9.266373e-05,2.4566558e-05,0.00014706809,-0.00084016856,0.02060204,0.036050133,0.03597944,0.0365937,0.0919666439294815,0.09165821969509125,0.2441141
5d0y34im,sample_25000,0.4733000099658966,1000,"(256, 256, 256)",256,256,255,10,0.0004126314,0.0004746074,0.00048505017,-0.0008401641,0.020688973,0.03620762,0.036142025,0.04077998,0.163438618183136,0.13064639270305634,0.4654977
5itf88b8,sample_32000,0.6459000110626221,1000,"(256, 256, 256)",256,256,256,10,0.0007491931,0.0010143882,0.0008829451,-0.0008401647,0.020848436,0.036494967,0.03643968,0.04743951,0.24636149406433105,0.174736887216568,0.55142605
6exd128x,sample_40000,0.7638999819755554,1000,"(256, 256, 256)",256,256,256,10,0.0010979095,0.0016484538,0.001341257,-0.0008401596,0.02109686,0.036938176,0.0369004,0.05622027,0.33943432569503784,0.22185242176055908,0.5539715
iodkohu5,sample_47000,0.8029000163078308,1000,"(256, 256, 256)",256,256,256,10,0.0012613108,0.001963972,0.0015604965,-0.00084015203,0.02126064,0.037227936,0.037200786,0.0612711,0.3839229941368103,0.24422308802604675,0.5387466
wpmwgwh6,sample_55000,0.8343999981880188,1000,"(256, 256, 256)",256,256,256,10,0.0013561194,0.0021542339,0.0016990497,-0.00084014394,0.021387724,0.037451595,0.03743142,0.0648943,0.40929529070854187,0.25714826583862305,0.52349764
2n85dtru,sample_8000,0.47780001163482666,1000,"(512, 512, 512)",512,511,512,10,3.4601682e-05,6.394861e-05,-3.9113962e-05,0.0003285113,0.020585535,0.025504287,0.02551175,0.025696302,0.08344628661870956,0.08735717833042145,0.17696683
mtm43ll6,sample_12000,0.5666000247001648,1000,"(512, 512, 512)",512,512,512,10,6.7795096e-05,9.491649e-05,-1.566957e-05,0.00032851248,0.020590074,0.025509961,0.02551755,0.026007744,0.09024567157030106,0.09088894724845886,0.19578123
yqouexi6,sample_25000,0.6104000210762024,1000,"(512, 512, 512)",512,512,512,10,0.0003411113,0.00038489388,0.00018688299,0.0003285123,0.02064742,0.025582025,0.025592666,0.029750109,0.1498422771692276,0.12177187204360962,0.35574025
2n7625cp,sample_32000,0.7336999773979187,1000,"(512, 512, 512)",512,511,512,10,0.000628795,0.00072086195,0.00043607794,0.00032851327,0.020754602,0.025716772,0.02573318,0.035665907,0.21968430280685425,0.15726719796657562,0.4498671
iikslu95,sample_40000,0.7982000112533569,1000,"(512, 512, 512)",512,511,512,10,0.0008549482,0.0009915102,0.0006401502,0.00032852014,0.020879762,0.025873765,0.025896134,0.041474834,0.27760735154151917,0.18598738312721252,0.4702524
l6pylxy8,sample_47000,0.8319000005722046,1000,"(512, 512, 512)",512,512,512,10,0.00095722964,0.0011153441,0.0007338484,0.00032852922,0.020955963,0.025969047,0.025994543,0.044622485,0.30425673723220825,0.1986893266439438,0.46352768
5mywvvdr,sample_55000,0.8600999712944031,1000,"(512, 512, 512)",512,512,512,10,0.001022341,0.0011940555,0.0007964902,0.0003285339,0.021018822,0.026047502,0.026075087,0.04704464,0.32097581028938293,0.20678871870040894,0.4549549
xt8257hg,sample_8000,0.14710000157356262,1000,"(8, 8, 8)",8,8,8,8,6.751198e-05,0.026697833,-0.019510793,0.04679898,0.020725992,0.18830974,0.19053204,0.2088988,0.14907944202423096,0.09856052696704865,0.9149766
ticsxqqh,sample_12000,0.1899999976158142,1000,"(8, 8, 8)",8,8,8,8,0.00014657376,0.027823474,-0.018457666,0.04679898,0.020864716,0.1896482,0.19200712,0.2101017,0.18196645379066467,0.12532614171504974,0.9213683
8riutvkw,sample_25000,0.2085999995470047,1000,"(8, 8, 8)",8,8,8,8,0.00044569327,0.032856632,-0.01351916,0.046798937,0.021673001,0.19761787,0.20056188,0.21790726,0.29393231868743896,0.2248389720916748,0.9515527
snzzdmle,sample_32000,0.21979999542236328,1000,"(8, 8, 8)",8,8,8,8,0.0004705319,0.033613704,-0.012691601,0.04679905,0.021807255,0.19894525,0.2020439,0.21921766,0.30750951170921326,0.23679788410663605,0.95432854
xq78we2o,sample_40000,0.22519999742507937,1000,"(8, 8, 8)",8,8,8,8,0.00051991,0.034898203,-0.011255167,0.046799015,0.022043703,0.20128086,0.2046656,0.22156942,0.3310970664024353,0.2562229037284851,0.9585437
uyi63j6l,sample_47000,0.23319999873638153,1000,"(8, 8, 8)",8,8,8,8,0.00054977613,0.03656949,-0.009378207,0.046799034,0.02234575,0.20424318,0.2080188,0.22451586,0.34956270456314087,0.27819496393203735,0.9630294
3oocsiyc,sample_55000,0.2621000111103058,1000,"(8, 8, 8)",8,8,8,8,0.0006883241,0.05630596,0.0130759105,0.046799134,0.026032187,0.23986383,0.2489095,0.26562884,0.5629702806472778,0.42960286140441895,0.93501973
w88gcerd,sample_8000,0.10279999673366548,1000,"(16, 16, 16)",16,16,16,10,-0.000117719144,-0.0017950798,0.0042277295,0.001916569,0.02063226,0.1405238,0.14199816,0.14152849,0.08233907073736191,0.08311913907527924,0.5181546
o2lli27h,sample_12000,0.1055999994277954,1000,"(16, 16, 16)",16,16,16,10,-0.000114284136,-0.0017801179,0.004235227,0.0019165713,0.020635547,0.14054787,0.1420157,0.14156379,0.0841403603553772,0.08362611383199692,0.53156173
g0rlnyno,sample_25000,0.2628999948501587,1000,"(16, 16, 16)",16,16,16,10,0.00017787392,-0.0011150204,0.004874754,0.0019165624,0.02087756,0.14231694,0.14395115,0.14550866,0.17617422342300415,0.13578009605407715,0.62285227
doyaty2f,sample_32000,0.28130000829696655,1000,"(16, 16, 16)",16,16,16,10,0.00030399993,-0.0007807752,0.0052920976,0.0019166048,0.021022772,0.14338632,0.14518583,0.14807808,0.20827363431453705,0.16012325882911682,0.64236075
pubuliqe,sample_40000,0.28450000286102295,1000,"(16, 16, 16)",16,16,16,10,0.00035153166,-0.0006835731,0.005447684,0.0019166109,0.021070195,0.1437374,0.14558762,0.14895913,0.21910451352596283,0.16819192469120026,0.6469865
yuwuo0k5,sample_47000,0.2928999960422516,1000,"(16, 16, 16)",16,16,16,10,0.0010712353,0.0025930991,0.009423353,0.0019166276,0.022162057,0.1518021,0.15437472,0.16756353,0.4121857285499573,0.2940109372138977,0.71056426
yjbck1i4,sample_55000,0.3650000095367432,1000,"(16, 16, 16)",16,16,16,10,0.0019022324,0.007931735,0.014673668,0.001916609,0.023612488,0.16247737,0.16539446,0.18723536,0.6393007040023804,0.41722312569618225,0.7207687
plapeajx,sample_8000,0.14259999990463257,1000,"(32, 32, 32)",32,32,32,10,2.5828756e-05,0.0027751399,0.0029010517,-0.0007078942,0.020639192,0.100826316,0.102237195,0.1015769,0.08692916482686996,0.09104666858911514,0.3513493
lhi3q0ki,sample_12000,0.23029999434947968,1000,"(32, 32, 32)",32,32,32,10,0.000120653596,0.0029209019,0.003010413,-0.00070785655,0.020667417,0.1009656,0.10239707,0.102125905,0.10710941255092621,0.10395334661006927,0.39681023
340458hv,sample_25000,0.4207000136375427,1000,"(32, 32, 32)",32,32,32,10,0.0006669805,0.0043253717,0.004305282,-0.00070783606,0.02093054,0.10229362,0.103861235,0.1076382,0.23061393201351166,0.1787954568862915,0.5419469
msmx6fy5,sample_32000,0.4361000061035156,1000,"(32, 32, 32)",32,32,32,10,0.0011410307,0.0063692033,0.006698082,-0.000707864,0.021350842,0.104409985,0.10610189,0.11592308,0.34849780797958374,0.25022631883621216,0.6131134
1nmnaa5v,sample_40000,0.6608999967575073,1000,"(32, 32, 32)",32,32,32,10,0.0021359513,0.0109551065,0.011761888,-0.00070782844,0.022423847,0.10983225,0.11171835,0.13445163,0.5985198020935059,0.39094406366348267,0.64072
frmneo4k,sample_47000,0.7897999882698059,1000,"(32, 32, 32)",32,32,32,10,0.0031979773,0.016163431,0.016729899,-0.0007078565,0.023997482,0.11776201,0.11981251,0.15747671,0.8735264539718628,0.5463046431541443,0.6119989
l0nabqig,sample_55000,0.8276000022888184,1000,"(32, 32, 32)",32,32,32,10,0.0038726095,0.019681579,0.019813828,-0.000707789,0.025434915,0.124967344,0.12710984,0.17622684,1.0587825775146484,0.6515051126480103,0.5800411
2x54tt8b,sample_8000,0.26919999718666077,1000,"(64, 64, 64)",64,64,64,10,0.00018030155,0.0009928003,-0.00014508987,-0.0027073794,0.020659504,0.07218993,0.072123796,0.073446944,0.10283223539590836,0.09741470217704773,0.32865828
j2c1m4zp,sample_12000,0.3587999939918518,1000,"(64, 64, 64)",64,64,64,10,0.0002676108,0.0011345439,-2.8768729e-05,-0.0027073768,0.02068351,0.072275385,0.07221684,0.07413337,0.12365831434726715,0.10891249030828476,0.40311307
12vf8e5b,sample_25000,0.3804999887943268,1000,"(64, 64, 64)",64,64,64,10,0.00073591387,0.002234559,0.0012019107,-0.002707372,0.020923384,0.0731342,0.07315424,0.08091655,0.23938515782356262,0.17761316895484924,0.6171386
s4p0j6ny,sample_32000,0.48750001192092896,1000,"(64, 64, 64)",64,64,64,10,0.00126724,0.003715265,0.0028301415,-0.0027073813,0.021349512,0.0746664,0.07477114,0.09113388,0.37329190969467163,0.25516894459724426,0.6861377
o7uam5fd,sample_40000,0.6656000018119812,1000,"(64, 64, 64)",64,64,64,10,0.0020194817,0.0058687846,0.0051961546,-0.0027073536,0.022155615,0.07757624,0.077760376,0.10732293,0.5677234530448914,0.3605545163154602,0.6712861
ctajiey2,sample_47000,0.7524999976158142,1000,"(64, 64, 64)",64,64,64,10,0.002437324,0.0071918275,0.006619537,-0.0027073654,0.022798216,0.07987632,0.0800884,0.118509695,0.6812632083892822,0.42180776596069336,0.63672477
hyyt98tv,sample_55000,0.8036999702453613,1000,"(64, 64, 64)",64,64,64,10,0.002701473,0.008092748,0.007511654,-0.002707335,0.023334887,0.081781685,0.0820069,0.12709261,0.7563846111297607,0.4606572985649109,0.60657805
5sh7khr8,sample_8000,0.10329999774694444,1000,"(128, 128, 128)",128,128,128,10,7.099526e-05,0.00014822907,6.56973e-05,-0.00012659426,0.020637222,0.050907988,0.051093325,0.049397733,0.08375175297260284,0.08908995985984802,0.21428348
vpg9cb3s,sample_12000,0.196600005030632,1000,"(128, 128, 128)",128,128,128,10,0.00015397428,0.0002532175,0.00013006173,-0.00012659005,0.02065315,0.05094871,0.051136006,0.050019573,0.10229763388633728,0.0981198102235794,0.28202292
1ncpb7ao,sample_25000,0.5493999719619751,1000,"(128, 128, 128)",128,128,128,10,0.0005006569,0.00077790435,0.00056879595,-0.00012658541,0.020752454,0.05120612,0.05140232,0.053828925,0.18137645721435547,0.14004600048065186,0.44497174
jipmmcdg,sample_32000,0.5662999749183655,1000,"(128, 128, 128)",128,128,128,10,0.00068253546,0.001143018,0.00089501275,-0.00012658248,0.020833526,0.051415034,0.05161817,0.05668829,0.2249254733324051,0.16396808624267578,0.5091558
xvyvej8e,sample_40000,0.7117000222206116,1000,"(128, 128, 128)",128,128,128,10,0.0014688406,0.003016423,0.0025632037,-0.00012658769,0.021426443,0.052923206,0.05316521,0.07386474,0.42723625898361206,0.2735225558280945,0.60059744
6bo0tysa,sample_47000,0.7817000150680542,1000,"(128, 128, 128)",128,128,128,10,0.0017977083,0.003797322,0.0032310279,-0.000126566,0.021796135,0.053859502,0.05412288,0.082763806,0.5145725011825562,0.3194620609283447,0.58451736
zoeafchk,sample_55000,0.8324000239372253,1000,"(128, 128, 128)",128,128,128,10,0.0020037512,0.004299192,0.0036430957,-0.00012656608,0.022104822,0.054637466,0.054917306,0.0895192,0.5697554349899292,0.34833458065986633,0.55999863
5qd5t73w,sample_8000,0.2892000079154968,1000,"(256, 256, 256)",256,256,256,10,8.529276e-05,-0.00024704527,9.558459e-05,-0.00069343677,0.020631831,0.036192786,0.036029667,0.035963763,0.09006358683109283,0.09231206774711609,0.19708112
64gnmwva,sample_12000,0.45339998602867126,1000,"(256, 256, 256)",256,256,256,10,0.00012778236,-0.00019825158,0.00013329045,-0.00069343584,0.02063867,0.036205623,0.03604262,0.03633431,0.09873121976852417,0.09704005718231201,0.22506809
kk1roxct,sample_25000,0.5879999995231628,1000,"(256, 256, 256)",256,256,256,10,0.00040113524,0.00016342702,0.0003918381,-0.0006934338,0.020703696,0.036326807,0.036166314,0.039668877,0.15941378474235535,0.12922874093055725,0.39311832
m0lmj7k0,sample_32000,0.6664999723434448,1000,"(256, 256, 256)",256,256,256,10,0.0008114731,0.0007957077,0.0008828977,-0.00069342955,0.020882059,0.03665376,0.036501314,0.04739334,0.259558767080307,0.18232855200767517,0.519431
6ifvzt3n,sample_40000,0.763700008392334,1000,"(256, 256, 256)",256,256,256,10,0.0011886416,0.0014258923,0.0013858633,-0.000693431,0.021133557,0.037109017,0.03696794,0.05634791,0.3570020794868469,0.23240959644317627,0.53658783
rw53zduj,sample_47000,0.8100000023841858,1000,"(256, 256, 256)",256,256,256,10,0.0013649886,0.0017243857,0.0016210087,-0.00069342455,0.021295337,0.0373991,0.037264567,0.061352696,0.40289488434791565,0.2559833824634552,0.52746475
xqf4gl6r,sample_55000,0.8416000008583069,1000,"(256, 256, 256)",256,256,256,10,0.0014742982,0.0019126518,0.0017742575,-0.00069341436,0.02142762,0.037634578,0.03750445,0.06512549,0.4312899708747864,0.27055269479751587,0.51422656
f5cl54f1,sample_8000,0.35519999265670776,1000,"(512, 512, 512)",512,512,512,10,5.454122e-06,8.266341e-06,-5.609072e-05,-0.00032573732,0.020627497,0.025507115,0.025497265,0.02620324,0.081626757979393,0.08793610334396362,0.18530533
m6prbd4s,sample_12000,0.4652999937534332,1000,"(512, 512, 512)",512,512,512,10,3.2784512e-05,3.770509e-05,-3.68849e-05,-0.00032573618,0.020631664,0.025512297,0.025502764,0.026486503,0.08734836429357529,0.09091617166996002,0.20949124
jwm67ug0,sample_25000,0.5803999900817871,1000,"(512, 512, 512)",512,512,512,10,0.00028096602,0.00030346974,0.0001493436,-0.000325734,0.020687249,0.02558227,0.025576197,0.030065307,0.14143986999988556,0.1198439747095108,0.3922849
st29kv5y,sample_32000,0.7160999774932861,1000,"(512, 512, 512)",512,511,512,10,0.0005475203,0.00061289576,0.0003836808,-0.00032573173,0.020785864,0.025706718,0.025706116,0.035515938,0.20551645755767822,0.15281519293785095,0.484945
kjnntmuh,sample_40000,0.7944999933242798,1000,"(512, 512, 512)",512,512,512,10,0.00077755057,0.00088034495,0.0005923128,-0.00032572768,0.020910878,0.025864312,0.025869282,0.04133224,0.2633921205997467,0.18194086849689484,0.48960143
rajycyq3,sample_47000,0.8324000239372253,1000,"(512, 512, 512)",512,512,512,10,0.00088393886,0.0009999429,0.0006893911,-0.00032571953,0.020990495,0.02596454,0.02597216,0.044611163,0.29057976603507996,0.19554512202739716,0.47550428
klkrloy5,sample_55000,0.8586999773979187,1000,"(512, 512, 512)",512,512,512,10,0.000952693,0.001079985,0.00075191865,-0.00032571433,0.02105609,0.026046816,0.026056346,0.04712547,0.3080618977546692,0.2043071687221527,0.4629715
pdx6bshf,sample_8000,0.5425999760627747,1000,"(1024, 1024, 1024)",784,1024,1024,10,4.387672e-05,9.951937e-06,3.4922763e-05,4.861742e-05,0.020616572,0.018049046,0.01805497,0.018040668,0.07970346510410309,0.08786581456661224,0.1787067
0ycclb14,sample_12000,0.5715000033378601,1000,"(1024, 1024, 1024)",784,1024,1024,10,7.0703834e-05,3.565388e-05,5.380669e-05,4.8617912e-05,0.020620074,0.018052166,0.018058164,0.018386303,0.08503656089305878,0.09078533947467804,0.19650753
jfkryyef,sample_25000,0.6913999915122986,1000,"(1024, 1024, 1024)",784,1024,1023,10,0.00032322123,0.00024759746,0.00020753148,4.861828e-05,0.020670842,0.018097313,0.018104628,0.02279157,0.1393081545829773,0.11998970806598663,0.3421954
nwd8ce3s,sample_32000,0.7785000205039978,1000,"(1024, 1024, 1024)",784,1024,1023,10,0.00051515724,0.0004024103,0.0003255132,4.86192e-05,0.020734016,0.018153585,0.01816246,0.027267091,0.1848256140947342,0.14322449266910553,0.39689636
x9h9gyit,sample_40000,0.8245999813079834,1000,"(1024, 1024, 1024)",784,1024,1023,10,0.0006306382,0.00049203663,0.00039295558,4.862371e-05,0.020786095,0.0182,0.018210005,0.030446544,0.2130046784877777,0.15718191862106323,0.40468735
4wxbnpzh,sample_47000,0.8507000207901001,1000,"(1024, 1024, 1024)",784,1024,1024,10,0.00068492076,0.0005336527,0.0004234649,4.8625923e-05,0.020817533,0.01822797,0.018238604,0.032205477,0.22623685002326965,0.16352927684783936,0.4010824
q78p909v,sample_55000,0.873199999332428,1000,"(1024, 1024, 1024)",784,1024,1024,10,0.00072195235,0.0005623098,0.00044489425,4.862929e-05,0.020844873,0.018252242,0.01826334,0.03365092,0.2353680431842804,0.16785389184951782,0.3954346
qinrrpus,sample_8000,0.6107000112533569,1000,"(1024, 1024, 1024)",784,1024,1024,10,3.0901032e-05,4.179459e-06,4.3287953e-05,-6.754532e-05,0.020597879,0.018034216,0.018041749,0.018305253,0.07793456315994263,0.08508775383234024,0.17375308
1s7k70ti,sample_12000,0.6334999799728394,1000,"(1024, 1024, 1024)",784,1024,1024,10,3.9972703e-05,1.343873e-05,4.942508e-05,-6.75454e-05,0.02059909,0.018035285,0.018042825,0.018419812,0.07972878962755203,0.08605551719665527,0.17979872
43tpngep,sample_25000,0.703499972820282,1000,"(1024, 1024, 1024)",784,1023,1023,10,0.0003183544,0.0002582411,0.00022485704,-6.754375e-05,0.02065688,0.018086437,0.018095227,0.023322748,0.13929101824760437,0.11752469837665558,0.34324366
5te8yvdv,sample_32000,0.7818999886512756,1000,"(1024, 1024, 1024)",784,1024,1023,10,0.00049555156,0.00040749335,0.00033964074,-6.754177e-05,0.020719009,0.018141516,0.018151747,0.027626498,0.18148070573806763,0.13888153433799744,0.39302984
p0zc53il,sample_40000,0.8256000280380249,1000,"(1024, 1024, 1024)",784,1024,1024,10,0.0006050796,0.0004984526,0.0004080829,-6.7539884e-05,0.020771207,0.018187774,0.018199155,0.030765096,0.2081417292356491,0.15194448828697205,0.3998719
5lykce3q,sample_47000,0.8560000061988831,1000,"(1024, 1024, 1024)",784,1024,1024,10,0.000658522,0.00054210663,0.00044115825,-6.753695e-05,0.020803772,0.018216597,0.01822861,0.0325597,0.22128140926361084,0.15814802050590515,0.39619926
bs93al0z,sample_55000,0.8738999962806702,1000,"(1024, 1024, 1024)",784,1024,1024,10,0.0006942438,0.00057071086,0.00046273615,-6.753257e-05,0.020831037,0.018240703,0.018253187,0.033981193,0.22999924421310425,0.1623024344444275,0.39254367
0h2a8o9y,sample_8000,0.4480000138282776,1000,"(1024, 1024, 1024)",784,1023,1024,10,9.887157e-06,-8.504559e-06,-2.4080537e-06,-0.00017794498,0.020621149,0.018037252,0.018046733,0.018166365,0.07842868566513062,0.08611279726028442,0.1751
q5d8r64q,sample_12000,0.6079000234603882,1000,"(1024, 1024, 1024)",784,1023,1024,10,3.659811e-05,1.7463964e-05,1.5779975e-05,-0.00017794521,0.020624714,0.018040393,0.018049939,0.018500105,0.08369480818510056,0.08893284201622009,0.19382305
heruqg0d,sample_25000,0.7152000069618225,1000,"(1024, 1024, 1024)",784,1023,1024,10,0.0002826548,0.00022405728,0.0001609086,-0.00017794315,0.020675229,0.018085117,0.01809603,0.022813901,0.13599538803100586,0.11706603318452835,0.34089008
dcbm9hv4,sample_32000,0.7882999777793884,1000,"(1024, 1024, 1024)",784,1023,1024,10,0.0004728877,0.00038260038,0.00028021986,-0.00017794236,0.02073946,0.018142115,0.01815474,0.02733277,0.18143576383590698,0.13992229104042053,0.3980138
qxplty7c,sample_40000,0.8328999876976013,1000,"(1024, 1024, 1024)",784,1023,1024,10,0.0005895528,0.00047601646,0.00035095395,-0.00017793951,0.020793883,0.01819049,0.018204354,0.030626172,0.21004718542099,0.15391668677330017,0.40670455
qu9e0o5k,sample_47000,0.8585000038146973,1000,"(1024, 1024, 1024)",784,1023,1024,10,0.0006426464,0.0005176751,0.00038204103,-0.0001779352,0.020826299,0.018219303,0.018233791,0.032419283,0.22321276366710663,0.1602444052696228,0.40363622
ws679ucd,sample_55000,0.8758999705314636,1000,"(1024, 1024, 1024)",784,1023,1024,10,0.0006776367,0.0005460527,0.00040221013,-0.00017793062,0.020853838,0.01824371,0.018258702,0.03385893,0.23193252086639404,0.16442763805389404,0.39957988
