run_id,run_name,test_accuracy,sample_size,layer_structure,rank_0,rank_1,rank_2,rank_3,rank_4,weight_mean_0,weight_mean_1,weight_mean_2,weight_mean_3,weight_mean_4,weight_std_0,weight_std_1,weight_std_2,weight_std_3,weight_std_4,activation_mean_global,activation_std_global,pca_explained_var
p30xpx38,sample_8000,0.10100000351667404,1000,"(8, 8, 8, 8)",8,8,8,8,8,-0.00023293564,0.031665325,0.0034264736,-0.0006479868,-0.019871522,0.02050773,0.21801002,0.19263078,0.20404395,0.21954075,0.07735183835029602,0.09639392793178558,0.4988385
bo5el5ou,sample_12000,0.10100000351667404,1000,"(8, 8, 8, 8)",8,8,8,8,8,-0.00023305083,0.031664494,0.0034146383,-0.0006638956,-0.01987152,0.020507725,0.2180103,0.1926318,0.20403983,0.21950376,0.07736845314502716,0.09636090695858002,0.49985933
h2j5hkmd,sample_25000,0.18850000202655792,1000,"(8, 8, 8, 8)",8,8,8,8,8,0.0004014864,0.032574642,0.0031369403,3.5513658e-05,-0.019871522,0.020673713,0.2194143,0.1953903,0.20728002,0.22230312,0.21244841814041138,0.1772046983242035,0.72481626
6k7hqiej,sample_32000,0.17550000548362732,1000,"(8, 8, 8, 8)",8,8,8,8,8,0.0003243497,0.03235116,0.0031159706,-0.00018351572,-0.019871563,0.020641772,0.21914205,0.19488826,0.2066986,0.22171685,0.19407829642295837,0.1678045243024826,0.7094139
ki96hbz2,sample_40000,0.18400000035762787,1000,"(8, 8, 8, 8)",8,8,8,8,8,0.00037358614,0.032458495,0.0030690841,-0.00018874276,-0.019871566,0.020659696,0.21929881,0.19513902,0.20693325,0.22178106,0.20532599091529846,0.17369046807289124,0.7188157
0ow6gob8,sample_47000,0.19259999692440033,1000,"(8, 8, 8, 8)",8,8,8,8,8,0.00044134157,0.032667696,0.0030988809,-3.8600992e-05,-0.019871453,0.020687426,0.21953478,0.19557266,0.20741257,0.22221056,0.2215365469455719,0.1822209507226944,0.73049164
vtfi4wyw,sample_55000,0.1988999992609024,1000,"(8, 8, 8, 8)",8,8,8,8,8,0.0005066584,0.03287456,0.0031165201,0.0001292252,-0.019871514,0.020716472,0.21978483,0.19601674,0.20789674,0.22266243,0.2370733618736267,0.19042165577411652,0.7414965
qiisqznj,sample_8000,0.09449999779462814,1000,"(16, 16, 16, 16)",16,16,16,16,10,0.00011417637,0.0006556711,-0.0037911679,0.0070424452,-0.0009283122,0.020608181,0.15072459,0.1452419,0.14661956,0.14568156,0.07944945245981216,0.08938686549663544,0.34185797
qcqqffd6,sample_12000,0.10159999877214432,1000,"(16, 16, 16, 16)",16,16,16,16,10,0.00026246102,0.00082495436,-0.0034829122,0.00700266,-0.0009282984,0.020639587,0.15095139,0.14554812,0.1469037,0.14616743,0.11418022960424423,0.10708297789096832,0.43291008
uifl3clm,sample_25000,0.25380000472068787,1000,"(16, 16, 16, 16)",16,16,16,16,10,0.0007580238,0.0018268353,-0.0018825436,0.0071461378,-0.0009282868,0.02083305,0.1523425,0.14727095,0.14884004,0.14960937,0.23688775300979614,0.16687482595443726,0.67759407
rrvdzqn2,sample_32000,0.29339998960494995,1000,"(16, 16, 16, 16)",16,16,16,16,10,0.00093105965,0.002388501,-0.0012514348,0.0075974055,-0.0009282671,0.020930998,0.15304631,0.1481148,0.14978608,0.15152228,0.2809827923774719,0.1869228482246399,0.72472405
j3m4yb5g,sample_40000,0.287200003862381,1000,"(16, 16, 16, 16)",16,16,16,16,10,0.0012507517,0.0036836225,0.00013753213,0.0090616895,-0.0009282548,0.02115616,0.15465856,0.14999238,0.15178923,0.15562993,0.3619348406791687,0.225893035531044,0.79329157
hb5038wz,sample_47000,0.3046000003814697,1000,"(16, 16, 16, 16)",16,16,16,16,10,0.0013151244,0.003971487,0.00044101913,0.00939615,-0.0009283155,0.021210052,0.1550425,0.15042835,0.1522417,0.15653376,0.37808457016944885,0.23418977856636047,0.802014
bfyqc9ie,sample_55000,0.34290000796318054,1000,"(16, 16, 16, 16)",16,16,16,16,10,0.0026385633,0.012902869,0.008446597,0.018346798,-0.00092807785,0.023018584,0.16761215,0.16424237,0.16637473,0.18521325,0.7175878882408142,0.4173722565174103,0.8531643
5bn36b91,sample_8000,0.0982000008225441,1000,"(32, 32, 32, 32)",32,32,32,32,10,0.00012430949,0.00113529,0.004581504,0.005550175,0.0021843906,0.020595059,0.100937046,0.100828946,0.10176093,0.102834396,0.08004544675350189,0.09160605818033218,0.26221645
fz4kee8n,sample_12000,0.18389999866485596,1000,"(32, 32, 32, 32)",32,32,32,32,10,0.00015110771,0.0011545903,0.0045919036,0.005540927,0.002184459,0.02060478,0.10098606,0.10087348,0.10179981,0.102878034,0.08833985030651093,0.0953691303730011,0.31050348
g8y6f6wg,sample_25000,0.1136000007390976,1000,"(32, 32, 32, 32)",32,32,32,32,10,0.00015992517,0.0011661763,0.0045968923,0.005552537,0.0021844872,0.020606795,0.10099644,0.10088614,0.10181115,0.10289576,0.0903167873620987,0.09642844647169113,0.31784174
79wv6uq5,sample_32000,0.1225999966263771,1000,"(32, 32, 32, 32)",32,32,32,32,10,0.00016381362,0.0011713605,0.004601285,0.0055553652,0.0021844779,0.020607462,0.10099992,0.10089025,0.10181571,0.1028959,0.09113364666700363,0.09685971587896347,0.32047442
b5bz5hm6,sample_40000,0.19769999384880063,1000,"(32, 32, 32, 32)",32,32,32,32,10,0.00019047983,0.0011973811,0.004606001,0.0055739996,0.0021845002,0.020614484,0.10103617,0.10092777,0.10185018,0.10301664,0.09766187518835068,0.10030918568372726,0.34220415
4ujbguxx,sample_47000,0.3188000023365021,1000,"(32, 32, 32, 32)",32,32,32,32,10,0.0007056304,0.002393451,0.005436575,0.006215226,0.0021846448,0.0208276,0.102150984,0.10210899,0.103111714,0.1077334,0.22481608390808105,0.16928768157958984,0.55631596
btuam4qg,sample_55000,0.3199000060558319,1000,"(32, 32, 32, 32)",32,32,32,32,10,0.00090047735,0.0031449192,0.0060293097,0.0067488425,0.0021846585,0.02094323,0.102753885,0.102759324,0.10382792,0.110412955,0.2748488783836365,0.19508007168769836,0.59946597
5c8bvoxw,sample_8000,0.11349999904632568,1000,"(64, 64, 64, 64)",64,64,64,64,10,2.7669143e-05,0.0016975887,-0.0010457914,-0.00035219628,-0.0032031438,0.020576159,0.072000496,0.07124102,0.071675114,0.07169898,0.078192338347435,0.08569850772619247,0.21236446
zy2gbxh5,sample_12000,0.11349999904632568,1000,"(64, 64, 64, 64)",64,64,64,64,10,2.8397226e-05,0.0016965554,-0.0010448591,-0.00035496856,-0.0032031448,0.020576198,0.07200062,0.07124091,0.071675226,0.071695566,0.07825297117233276,0.0857655331492424,0.21226977
kn5h68lo,sample_25000,0.11349999904632568,1000,"(64, 64, 64, 64)",64,64,64,64,10,2.7691842e-05,0.0016972363,-0.0010459402,-0.00035150256,-0.0032031438,0.020576162,0.07200062,0.07124112,0.07167498,0.07169925,0.07834011316299438,0.08569346368312836,0.21223466
51csqmx5,sample_32000,0.11389999836683272,1000,"(64, 64, 64, 64)",64,64,64,64,10,2.7785241e-05,0.0016961747,-0.0010443139,-0.0003511252,-0.003203141,0.020576127,0.07200046,0.071240865,0.071675226,0.07170248,0.07825355976819992,0.08570736646652222,0.21178806
a6980sy3,sample_40000,0.20999999344348907,1000,"(64, 64, 64, 64)",64,64,64,64,10,0.00029053295,0.0020404484,-0.0006406059,-0.00018201863,-0.003203116,0.020644622,0.072241895,0.071523555,0.07199787,0.0738374,0.14218568801879883,0.12013369798660278,0.42697364
hchvylju,sample_47000,0.29580000042915344,1000,"(64, 64, 64, 64)",64,64,64,64,10,0.00043826125,0.0022855434,-0.00029305008,-3.033923e-05,-0.003203114,0.0206945,0.07241934,0.07172482,0.07223826,0.07542386,0.17593929171562195,0.13887780904769897,0.4950719
5tkqkbyt,sample_55000,0.2768000066280365,1000,"(64, 64, 64, 64)",64,64,64,64,10,0.00050421833,0.002408362,-0.00012372341,6.337534e-05,-0.0032031038,0.020718608,0.07250547,0.071822576,0.07235431,0.07621576,0.19106800854206085,0.14707280695438385,0.52022976
bicazjmh,sample_8000,0.11349999904632568,1000,"(128, 128, 128, 128)",128,128,128,128,10,2.1660706e-05,0.0001516527,0.00085865846,-0.00043145995,-0.00018143775,0.020587457,0.051229287,0.050905652,0.051358894,0.050572015,0.07967822253704071,0.08693823963403702,0.1793977
vn80vvct,sample_12000,0.11349999904632568,1000,"(128, 128, 128, 128)",128,128,128,128,10,2.1536205e-05,0.00015167928,0.0008588496,-0.00043133085,-0.00018143775,0.02058746,0.05122929,0.05090564,0.051358912,0.050572235,0.0796666294336319,0.08692435175180435,0.17940766
nsu3712e,sample_25000,0.13339999318122864,1000,"(128, 128, 128, 128)",128,128,128,128,10,0.0001476517,0.00028345938,0.00097034004,-0.00036903616,-0.00018142564,0.020611707,0.051290143,0.050966475,0.051424228,0.051464632,0.10821814835071564,0.10162514448165894,0.26555675
vrqboo8b,sample_32000,0.2240999937057495,1000,"(128, 128, 128, 128)",128,128,128,128,10,0.00024080406,0.0003865639,0.0010596341,-0.0002963651,-0.00018141726,0.02063412,0.05134725,0.05102472,0.051486615,0.05235773,0.1293887197971344,0.11315907537937164,0.318296
r731zwd6,sample_40000,0.3427000045776367,1000,"(128, 128, 128, 128)",128,128,128,128,10,0.00039874486,0.00060011086,0.0012456111,-9.553568e-05,-0.00018141633,0.020681484,0.05146892,0.051149044,0.051622957,0.05430473,0.16687896847724915,0.13284525275230408,0.39032084
gsm6grm1,sample_47000,0.3815999925136566,1000,"(128, 128, 128, 128)",128,128,128,128,10,0.00064100034,0.0010285976,0.0016314427,0.00042674795,-0.00018141586,0.02077885,0.05171935,0.051404715,0.0519049,0.058199383,0.22689035534858704,0.1628343164920807,0.47309956
o5291opw,sample_55000,0.5900999903678894,1000,"(128, 128, 128, 128)",128,128,128,128,10,0.0011459803,0.0021300165,0.0026426348,0.0016643852,-0.00018140725,0.021063734,0.05244802,0.052146804,0.052690025,0.0675689,0.35503435134887695,0.22510087490081787,0.56554025
yliburnh,sample_8000,0.10989999771118164,1000,"(256, 256, 256, 256)",256,256,256,256,10,5.481617e-05,-0.0001905988,3.893463e-05,0.00020361689,0.001757329,0.020617176,0.03611089,0.036086783,0.036019668,0.03666876,0.0771634429693222,0.08645693957805634,0.17794557
bowd4b7q,sample_12000,0.2414000034332275,1000,"(256, 256, 256, 256)",256,256,256,256,10,6.4438136e-05,-0.0001759472,4.488178e-05,0.00021106304,0.0017573334,0.02061869,0.03611367,0.036089875,0.03602307,0.036776595,0.07931703329086304,0.08752480149269104,0.18494068
gno60x8l,sample_25000,0.11869999766349792,1000,"(256, 256, 256, 256)",256,256,256,256,10,6.658736e-05,-0.00017307684,4.5827466e-05,0.00021123898,0.0017573334,0.020618983,0.036114205,0.03609045,0.036023583,0.036789216,0.0797627717256546,0.08776776492595673,0.18694425
v2ieaicv,sample_32000,0.16279999911785126,1000,"(256, 256, 256, 256)",256,256,256,256,10,6.716869e-05,-0.0001719486,4.6270405e-05,0.00021135483,0.0017573343,0.020619072,0.03611436,0.03609063,0.036023762,0.036794778,0.07989166676998138,0.08783446252346039,0.18751475
gl1gg5g7,sample_40000,0.32359999418258667,1000,"(256, 256, 256, 256)",256,256,256,256,10,0.00021937296,1.3511359e-05,0.0001515626,0.0002731691,0.0017573464,0.020645376,0.036163047,0.036142204,0.036079384,0.038289756,0.11336777359247208,0.10513874888420105,0.3104621
aibequtv,sample_47000,0.3666999936103821,1000,"(256, 256, 256, 256)",256,256,256,256,10,0.0003250436,0.00014727784,0.00024934474,0.00034915397,0.0017573463,0.02066987,0.03620837,0.03618976,0.03613138,0.03966019,0.13737431168556213,0.11745354533195496,0.3894679
j7qwmisj,sample_55000,0.414000004529953,1000,"(256, 256, 256, 256)",256,256,256,256,10,0.00055599597,0.00047614094,0.00053731963,0.0006140959,0.0017573442,0.020743217,0.036343433,0.03632981,0.036281455,0.043409877,0.19157907366752625,0.14534986019134521,0.51671726
leysatos,sample_8000,0.10109999775886536,1000,"(512, 512, 512, 512)",512,512,512,512,10,4.291146e-05,2.9096494e-05,-1.3861112e-05,-6.599091e-05,0.00043514502,0.020618634,0.025510257,0.02550364,0.025525695,0.025574477,0.0792129784822464,0.0879143625497818,0.17570591
3a3oimpq,sample_12000,0.17239999771118164,1000,"(512, 512, 512, 512)",512,512,512,512,10,4.545169e-05,3.2008433e-05,-1.1767828e-05,-6.537389e-05,0.00043514735,0.020618932,0.025510628,0.02550405,0.025526155,0.025598152,0.07970558851957321,0.08818478137254715,0.17720875
kj9aoiyj,sample_25000,0.18389999866485596,1000,"(512, 512, 512, 512)",512,512,512,512,10,4.60447e-05,3.2579286e-05,-1.1539348e-05,-6.528003e-05,0.0004351475,0.02061899,0.025510706,0.025504133,0.025526239,0.025602613,0.07980941236019135,0.08824886381626129,0.17764652
53zxr861,sample_32000,0.3359000086784363,1000,"(512, 512, 512, 512)",512,512,512,512,10,0.00011971912,0.00010622929,4.3310665e-05,-3.9246148e-05,0.000435156,0.020628693,0.025522918,0.025517024,0.025540363,0.026381256,0.09440925717353821,0.0961834192276001,0.22997427
2w275u6u,sample_40000,0.4586000144481659,1000,"(512, 512, 512, 512)",512,512,512,512,10,0.00016518461,0.00015110539,7.7763e-05,-1.6556201e-05,0.00043515844,0.020635748,0.02553187,0.025526427,0.025550716,0.026945325,0.10379265248775482,0.10118182748556137,0.26316553
gnh9puij,sample_47000,0.4259999990463257,1000,"(512, 512, 512, 512)",512,512,512,512,10,0.00015708343,0.00014328468,7.152386e-05,-2.0844349e-05,0.00043515844,0.020634446,0.025530215,0.025524689,0.025548793,0.026841244,0.10212790966033936,0.10028621554374695,0.2573502
rw87ln44,sample_55000,0.5954999923706055,1000,"(512, 512, 512, 512)",512,512,512,512,10,0.0005228032,0.0005456385,0.00040433175,0.000281581,0.00043515983,0.02072348,0.025643481,0.025642984,0.025675131,0.03295924,0.1842021942138672,0.1419297158718109,0.45313638
lbextyq6,sample_8000,0.09740000218153,1000,"(8, 8, 8, 8)",8,8,8,8,8,-0.00012708065,0.02251086,0.019646265,-0.03755371,0.015283567,0.020661324,0.19187804,0.19658875,0.19373882,0.18472311,0.05713135749101639,0.07074365019798279,0.6095729
qt9l80mb,sample_12000,0.09740000218153,1000,"(8, 8, 8, 8)",8,8,8,8,8,-0.00012663328,0.02251136,0.019653115,-0.037577134,0.015283564,0.020661267,0.19187725,0.19658804,0.19374557,0.18470643,0.057014551013708115,0.07078036665916443,0.6071135
8tcryjcm,sample_25000,0.1624000072479248,1000,"(8, 8, 8, 8)",8,8,8,8,8,0.0002582564,0.022777952,0.020182934,-0.038329523,0.015283543,0.020733008,0.1926287,0.19720097,0.1949852,0.18509199,0.12829644978046417,0.11909233033657074,0.6406172
ndei9yt6,sample_32000,0.1509000062942505,1000,"(8, 8, 8, 8)",8,8,8,8,8,0.00030521647,0.022801481,0.020314455,-0.03830875,0.015283549,0.020750199,0.19281588,0.19731608,0.19523145,0.18531333,0.1412358433008194,0.12618328630924225,0.6551951
rqcvws65,sample_40000,0.14159999787807465,1000,"(8, 8, 8, 8)",8,8,8,8,8,0.0002926637,0.022791332,0.020280028,-0.03837131,0.015283587,0.02074573,0.19276792,0.19728471,0.19514707,0.18522039,0.1376139223575592,0.12452897429466248,0.650367
gp2um6wv,sample_47000,0.16689999401569366,1000,"(8, 8, 8, 8)",8,8,8,8,8,0.00027663846,0.022783393,0.02024404,-0.038389977,0.015283555,0.020740403,0.19270942,0.19724022,0.1950613,0.18513662,0.13344983756542206,0.12201973795890808,0.64834785
twgjmx3n,sample_55000,0.20430000126361847,1000,"(8, 8, 8, 8)",8,8,8,8,8,0.0009558811,0.025000462,0.024988454,-0.0352525,0.015283605,0.02144793,0.2001763,0.20449865,0.20712969,0.19747269,0.35272037982940674,0.24769721925258636,0.8240322
fwt5d05v,sample_8000,0.10320000350475313,1000,"(16, 16, 16, 16)",16,16,16,16,10,-0.00010493289,0.008561647,0.0076245684,0.013439793,-0.0057288115,0.020657048,0.14131746,0.1484786,0.15227579,0.1379686,0.05737975239753723,0.06476905941963196,0.44038647
w61lqhtw,sample_12000,0.10320000350475313,1000,"(16, 16, 16, 16)",16,16,16,16,10,-0.00010613075,0.008559022,0.007620873,0.013433763,-0.005728812,0.020656887,0.14131647,0.14847772,0.15227431,0.1379649,0.057247377932071686,0.06461382657289505,0.43999374
charjjrn,sample_25000,0.10320000350475313,1000,"(16, 16, 16, 16)",16,16,16,16,10,-0.00010943449,0.008551696,0.0076101045,0.013418255,-0.0057288124,0.020656485,0.14131407,0.14847465,0.15226915,0.13795458,0.056933045387268066,0.06417511403560638,0.43963546
r2gtrr6w,sample_32000,0.13779999315738678,1000,"(16, 16, 16, 16)",16,16,16,16,10,5.7416323e-06,0.008761661,0.008407092,0.01375447,-0.0057287514,0.020717856,0.14173579,0.14893593,0.15271047,0.13910958,0.08679406344890594,0.08703821152448654,0.6483141
oo0r04f2,sample_40000,0.19449999928474423,1000,"(16, 16, 16, 16)",16,16,16,16,10,0.0001569311,0.00892833,0.009365203,0.014309261,-0.0057287263,0.020794438,0.14227684,0.14942783,0.15320106,0.14028196,0.12106603384017944,0.11013630032539368,0.72209364
ec094tcy,sample_47000,0.225600004196167,1000,"(16, 16, 16, 16)",16,16,16,16,10,0.0003759115,0.009214621,0.010731256,0.015340445,-0.0057286886,0.020934667,0.14328523,0.15030402,0.1540368,0.14235836,0.1736142635345459,0.1409410834312439,0.7818898
ulsx244m,sample_55000,0.2111999988555908,1000,"(16, 16, 16, 16)",16,16,16,16,10,0.00046718767,0.009387834,0.0113414265,0.015753452,-0.0057287095,0.021005433,0.14379546,0.15073863,0.15444954,0.14335573,0.19599682092666626,0.15379229187965393,0.8014842
c38xwpo1,sample_8000,0.10279999673366548,1000,"(32, 32, 32, 32)",32,32,32,32,10,-1.0676856e-05,0.0034377773,-0.00082007074,-0.0017129079,-0.004342607,0.020646272,0.0991511,0.10523166,0.10202614,0.102358446,0.07094042748212814,0.07241921126842499,0.31552392
0cmdy0rj,sample_12000,0.10279999673366548,1000,"(32, 32, 32, 32)",32,32,32,32,10,-1.0691971e-05,0.0034373472,-0.00081995456,-0.0017120845,-0.004342606,0.020646282,0.099151194,0.10523149,0.10202617,0.1023603,0.07092255353927612,0.07240820676088333,0.3156406
dy3pzzr7,sample_25000,0.10939999669790268,1000,"(32, 32, 32, 32)",32,32,32,32,10,0.0002187825,0.003667599,-0.00059701374,-0.0015471937,-0.0043425206,0.02068895,0.099374,0.105444126,0.102271535,0.103421584,0.11774307489395142,0.09892888367176056,0.3753725
99n2rxjd,sample_32000,0.2558000087738037,1000,"(32, 32, 32, 32)",32,32,32,32,10,0.00031416753,0.0038927295,-0.0004154218,-0.0014843869,-0.004342512,0.020728488,0.09957583,0.10566725,0.10250815,0.10432098,0.14074519276618958,0.11287014186382294,0.44962734
weppzy5o,sample_40000,0.36000001430511475,1000,"(32, 32, 32, 32)",32,32,32,32,10,0.00043282256,0.004313769,5.1489333e-05,-0.001220694,-0.004342497,0.02080657,0.09997156,0.10611415,0.10302612,0.106248796,0.1716674566268921,0.13334092497825623,0.5507499
v32zgewg,sample_47000,0.27559998631477356,1000,"(32, 32, 32, 32)",32,32,32,32,10,0.0004785409,0.0044894624,0.00023094588,-0.0011123093,-0.004342524,0.020837808,0.10012996,0.106289454,0.103231356,0.10701246,0.1830034852027893,0.1405799686908722,0.5803999
b8corm2a,sample_55000,0.2506999969482422,1000,"(32, 32, 32, 32)",32,32,32,32,10,0.000513347,0.0046363883,0.0003773832,-0.0010035849,-0.004342529,0.020861974,0.10025196,0.106425,0.10339272,0.10761376,0.19136404991149902,0.14607906341552734,0.599116
ylgwbiuv,sample_8000,0.1501999944448471,1000,"(64, 64, 64, 64)",64,64,64,64,10,4.64736e-05,0.0006130833,0.0013827177,-0.00067887903,0.00021044034,0.020620106,0.072284915,0.07175817,0.07223572,0.07072274,0.08384895324707031,0.08041613548994064,0.23900673
3e8k5ok7,sample_12000,0.11919999867677689,1000,"(64, 64, 64, 64)",64,64,64,64,10,4.8392438e-05,0.0006141826,0.0013840119,-0.0006775124,0.00021044146,0.020620273,0.07228553,0.0717589,0.072236404,0.070728995,0.08423013985157013,0.08059062063694,0.23984103
0mzyd62i,sample_25000,0.18809999525547028,1000,"(64, 64, 64, 64)",64,64,64,64,10,5.2908767e-05,0.0006170712,0.0013879158,-0.0006783296,0.000210445,0.02062095,0.072287895,0.071761556,0.072239205,0.07074408,0.08524466305971146,0.08107851445674896,0.24205579
agvunwcx,sample_32000,0.2328999936580658,1000,"(64, 64, 64, 64)",64,64,64,64,10,0.0002971444,0.00088932697,0.0016981352,-0.0004800543,0.000210472,0.020678569,0.07249343,0.071989976,0.0724824,0.07246261,0.14001138508319855,0.10963492095470428,0.45769203
xpfymgcj,sample_40000,0.29739999771118164,1000,"(64, 64, 64, 64)",64,64,64,64,10,0.00042270235,0.0011143079,0.0019264384,-0.00020976865,0.00021048989,0.020721423,0.0726482,0.07216467,0.072676934,0.073861994,0.168906107544899,0.12465490400791168,0.54573464
e1qhqrh0,sample_47000,0.26660001277923584,1000,"(64, 64, 64, 64)",64,64,64,64,10,0.00040091123,0.0010737332,0.0018848694,-0.00026482804,0.00021048282,0.020713802,0.07262054,0.07213416,0.07264282,0.07361268,0.16382241249084473,0.12212531268596649,0.5323236
c676x6gn,sample_55000,0.34619998931884766,1000,"(64, 64, 64, 64)",64,64,64,64,10,0.00041740562,0.0011037415,0.0019161913,-0.00022470672,0.00021047778,0.020719733,0.07264201,0.07215766,0.072669476,0.07380895,0.16757872700691223,0.12409986555576324,0.5432098
ifzkfp22,sample_8000,0.11230000108480452,1000,"(128, 128, 128, 128)",128,128,128,128,10,1.6295133e-05,0.0007971767,-0.00012393977,-0.00038219767,-0.0020959633,0.020576727,0.051300045,0.050948177,0.05101152,0.051512446,0.07895196974277496,0.08155855536460876,0.20171846
jkdcrfu7,sample_12000,0.15760000050067902,1000,"(128, 128, 128, 128)",128,128,128,128,10,3.017683e-05,0.0008087326,-0.00012058549,-0.0003800319,-0.0020959605,0.020578561,0.051304348,0.05095272,0.051016465,0.05158691,0.08161656558513641,0.08292421698570251,0.21222529
127p81up,sample_25000,0.16670000553131104,1000,"(128, 128, 128, 128)",128,128,128,128,10,4.3738954e-05,0.00082071905,-0.0001164788,-0.0003757911,-0.0020959564,0.020580536,0.051309016,0.05095757,0.0510216,0.05166219,0.08424884080886841,0.08436866104602814,0.22200042
6apwu1pz,sample_32000,0.24320000410079956,1000,"(128, 128, 128, 128)",128,128,128,128,10,0.00014930384,0.0009265898,-5.5738667e-05,-0.00032035162,-0.0020959538,0.020599505,0.05135478,0.05100562,0.051074114,0.05239424,0.10651783645153046,0.0962601900100708,0.3023541
xpubmdnk,sample_40000,0.34060001373291016,1000,"(128, 128, 128, 128)",128,128,128,128,10,0.00024169665,0.0010356988,2.6606722e-05,-0.00025275105,-0.0020959429,0.020620605,0.051406708,0.051060878,0.05113582,0.05323619,0.1269853711128235,0.10709503293037415,0.36401775
mvzih2h2,sample_47000,0.34310001134872437,1000,"(128, 128, 128, 128)",128,128,128,128,10,0.00031385917,0.0011351504,0.000116104726,-0.0001844035,-0.0020959433,0.020639796,0.051454253,0.051112164,0.051194023,0.054027587,0.1435161530971527,0.11555114388465881,0.40592098
w3trlid0,sample_55000,0.31940001249313354,1000,"(128, 128, 128, 128)",128,128,128,128,10,0.00035075314,0.0011892203,0.0001684967,-0.00014271759,-0.002095939,0.020650433,0.05148074,0.05114079,0.05122652,0.05447294,0.15195730328559875,0.11989494413137436,0.42663783
wisjhjxg,sample_8000,0.2533999979496002,1000,"(256, 256, 256, 256)",256,256,256,256,10,3.5161785e-05,-4.6077155e-05,9.3686365e-05,-0.00011735548,0.00085486437,0.020592468,0.03603305,0.035961594,0.03602564,0.03620139,0.07996678352355957,0.08487905561923981,0.18066747
6g2wwx59,sample_12000,0.1695999950170517,1000,"(256, 256, 256, 256)",256,256,256,256,10,3.628858e-05,-4.4400003e-05,9.510501e-05,-0.00011723677,0.00085486507,0.02059266,0.03603341,0.035961967,0.036026012,0.03621177,0.08023945987224579,0.08501732349395752,0.18177351
puyeji9j,sample_25000,0.16910000145435333,1000,"(256, 256, 256, 256)",256,256,256,256,10,3.8469556e-05,-4.2101066e-05,9.7125034e-05,-0.00011676299,0.000854866,0.020593023,0.036034077,0.03596263,0.036026675,0.036232043,0.08073711395263672,0.08530176430940628,0.18357939
iid9pxxw,sample_32000,0.30799999833106995,1000,"(256, 256, 256, 256)",256,256,256,255,10,0.0001237943,6.2599414e-05,0.00017717543,-8.7008935e-05,0.00085487484,0.020607773,0.03606102,0.035990063,0.036056053,0.037051283,0.09963657706975937,0.095267653465271,0.25410682
3t7mxxkc,sample_40000,0.4368999898433686,1000,"(256, 256, 256, 256)",256,256,256,256,10,0.00019305095,0.00015782988,0.00024885585,-4.10313e-05,0.0008548787,0.020622851,0.036088455,0.03601812,0.036086418,0.037917487,0.11559200286865234,0.10346269607543945,0.30932337
fvzwmvd1,sample_47000,0.499099999666214,1000,"(256, 256, 256, 256)",256,256,256,256,10,0.00029360154,0.0003073837,0.0003677331,5.9366594e-05,0.00085488055,0.02064907,0.036136076,0.036067095,0.036139436,0.039413508,0.13918143510818481,0.11540356278419495,0.37985086
pgpin7rr,sample_55000,0.5449000000953674,1000,"(256, 256, 256, 256)",256,256,256,256,10,0.0005174111,0.00066902913,0.0006755387,0.00035456964,0.00085488224,0.020726815,0.036276605,0.036211915,0.03629449,0.043404233,0.19278672337532043,0.14267845451831818,0.4940163
p0kni404,sample_8000,0.11509999632835388,1000,"(512, 512, 512, 512)",512,512,512,512,10,1.0496569e-05,4.3731205e-05,-5.735147e-05,-4.2678344e-05,0.00067731016,0.020582624,0.025500618,0.025508167,0.02547972,0.025525799,0.07858554273843765,0.0848018079996109,0.1698818
imfq2db2,sample_12000,0.11710000038146973,1000,"(512, 512, 512, 512)",512,512,512,512,10,1.079637e-05,4.407494e-05,-5.704115e-05,-4.2575877e-05,0.00067731,0.020582657,0.02550066,0.025508216,0.02547977,0.025528993,0.07864830642938614,0.0848320871591568,0.17006321
bncmyrs1,sample_25000,0.2854999899864197,1000,"(512, 512, 512, 512)",512,512,512,512,10,6.7988105e-05,0.00010507266,-1.5251191e-05,-2.3503151e-05,0.00067731977,0.02059058,0.025510477,0.02551849,0.025490383,0.026117127,0.09035314619541168,0.09096027910709381,0.21537748
jacbl0w2,sample_32000,0.3704000115394592,1000,"(512, 512, 512, 512)",512,512,512,512,10,0.00011907401,0.00015808985,2.2727385e-05,1.9633176e-06,0.00067732204,0.020598998,0.025520977,0.025529422,0.025501767,0.02674205,0.10092948377132416,0.09654783457517624,0.26082733
oeh6u8iq,sample_40000,0.3901999890804291,1000,"(512, 512, 512, 512)",512,512,512,512,10,0.00022692884,0.00027170076,0.00011510445,7.917621e-05,0.00067732367,0.020621749,0.025549486,0.025559047,0.025532685,0.028367188,0.1236000508069992,0.10885194689035416,0.35527766
ghwzxsmw,sample_47000,0.5447999835014343,1000,"(512, 512, 512, 512)",512,512,512,512,10,0.00038144877,0.0004501464,0.00026938575,0.00022366527,0.00067732466,0.020666111,0.025605123,0.025616875,0.025592944,0.03130064,0.15893961489200592,0.12699978053569794,0.44451523
dsjq1oc6,sample_55000,0.7099000215530396,1000,"(512, 512, 512, 512)",512,512,512,512,10,0.000631702,0.0007571487,0.0005418088,0.00045785436,0.0006773265,0.020764457,0.025728209,0.025744319,0.025724627,0.03674778,0.22159160673618317,0.1566067337989807,0.5004199
8g2oq6qr,sample_8000,0.09740000218153,1000,"(8, 8, 8, 8)",8,8,8,8,8,-8.609537e-05,0.025750684,-0.02001594,0.039951123,0.028955817,0.020612104,0.18720672,0.18940307,0.20687342,0.20657502,0.07778879255056381,0.07870441675186157,0.6706038
jm7iqfa2,sample_12000,0.09740000218153,1000,"(8, 8, 8, 8)",8,8,8,8,8,-8.5737745e-05,0.025749626,-0.020021772,0.039937843,0.028955828,0.020611823,0.18720391,0.18940225,0.20687473,0.206523,0.07789553701877594,0.07866711914539337,0.66895044
6vy6z7mb,sample_25000,0.11349999904632568,1000,"(8, 8, 8, 8)",8,8,8,8,8,0.000117203475,0.026018418,-0.020043964,0.039471965,0.028955856,0.020639362,0.18748619,0.18975115,0.20722447,0.20495091,0.12560907006263733,0.09470435976982117,0.7100003
hrhvrcx9,sample_32000,0.11349999904632568,1000,"(8, 8, 8, 8)",8,8,8,8,8,0.00011853275,0.02601327,-0.020040791,0.03948317,0.028955812,0.020638948,0.18748228,0.18975115,0.20721817,0.2049577,0.12544028460979462,0.09465725719928741,0.70982826
67n1s7ps,sample_40000,0.11729999631643297,1000,"(8, 8, 8, 8)",8,8,8,8,8,0.0001880018,0.02620798,-0.019949619,0.03941806,0.028955868,0.02065884,0.1876815,0.18997554,0.20744511,0.20483384,0.14140591025352478,0.10170869529247284,0.7371774
6heuqofg,sample_47000,0.30329999327659607,1000,"(8, 8, 8, 8)",8,8,8,8,8,0.0014344627,0.031610623,-0.0138306925,0.0424691,0.028955828,0.021495648,0.1964773,0.19946025,0.21636182,0.21225335,0.43640923500061035,0.2726193070411682,0.8058264
0uib85dz,sample_55000,0.2915000021457672,1000,"(8, 8, 8, 8)",8,8,8,8,8,0.0017035813,0.032593705,-0.012884011,0.04362922,0.028955882,0.021705693,0.19879906,0.20180428,0.21842746,0.21422602,0.5054928064346313,0.30688202381134033,0.80588764
ujqq6vxf,sample_8000,0.09880000352859496,1000,"(16, 16, 16, 16)",16,16,16,16,10,-9.8068514e-05,-0.0018646009,0.0040529273,-0.00047021732,-0.008419834,0.020617992,0.14041543,0.14192033,0.14131632,0.14427996,0.07575128972530365,0.08266501128673553,0.42232466
rcwrgab5,sample_12000,0.098300002515316,1000,"(16, 16, 16, 16)",16,16,16,16,10,-9.957829e-05,-0.0018632477,0.004050654,-0.00047522504,-0.008419835,0.020617923,0.14041488,0.14192046,0.14131485,0.14426963,0.07560393214225769,0.08252331614494324,0.42256516
ce160pds,sample_25000,0.11389999836683272,1000,"(16, 16, 16, 16)",16,16,16,16,10,-9.452667e-05,-0.0017514441,0.0040374254,-0.0008716369,-0.008419782,0.020625817,0.14047118,0.14200959,0.14138302,0.14399397,0.0788065493106842,0.08561994135379791,0.39230627
xerdejvm,sample_32000,0.11349999904632568,1000,"(16, 16, 16, 16)",16,16,16,16,10,-8.9461966e-05,-0.0017396943,0.0040377583,-0.0008770097,-0.008419736,0.020627623,0.14048398,0.1420242,0.1413974,0.14401345,0.08005467057228088,0.0863824337720871,0.39405364
sjmep04u,sample_40000,0.11349999904632568,1000,"(16, 16, 16, 16)",16,16,16,16,10,-9.1836635e-05,-0.0017536727,0.004045707,-0.0008790316,-0.008419743,0.020626303,0.1404745,0.14201464,0.1413888,0.14400277,0.07924141734838486,0.08593499660491943,0.39190632
n3eukb9s,sample_47000,0.11349999904632568,1000,"(16, 16, 16, 16)",16,16,16,16,10,-9.7254015e-05,-0.0017701248,0.004048636,-0.0008479031,-0.008419799,0.020624122,0.1404589,0.14199746,0.14137161,0.14399679,0.07784871757030487,0.08497011661529541,0.3925198
rmjoeeoj,sample_55000,0.11349999904632568,1000,"(16, 16, 16, 16)",16,16,16,16,10,-9.673386e-05,-0.0017673289,0.004042853,-0.00086169504,-0.00841979,0.020624628,0.14046244,0.14200218,0.14137411,0.14399236,0.07821149379014969,0.08511370420455933,0.39238775
a4g17b3d,sample_8000,0.09799999743700027,1000,"(32, 32, 32, 32)",32,32,32,32,10,-2.2458664e-05,0.002673715,0.0028851829,-0.0010316682,-0.0022653337,0.020624738,0.1007552,0.102149844,0.10320433,0.10671383,0.07610249519348145,0.08356960862874985,0.27538636
r3109rzj,sample_12000,0.09799999743700027,1000,"(32, 32, 32, 32)",32,32,32,32,10,-2.2478658e-05,0.0026742485,0.0028864215,-0.0010317909,-0.0022653334,0.020624788,0.10075544,0.10215017,0.103204906,0.10671563,0.07606448233127594,0.08358600735664368,0.27577657
koj5e5t3,sample_25000,0.16439999639987946,1000,"(32, 32, 32, 32)",32,32,32,32,10,0.00014224651,0.0029739442,0.003171957,-0.0008102214,-0.0022651814,0.020674504,0.10099995,0.10241015,0.10349779,0.10763731,0.10774239152669907,0.10468754917383194,0.46601066
p580mh4y,sample_32000,0.2152000069618225,1000,"(32, 32, 32, 32)",32,32,32,32,10,0.00026785446,0.0032064319,0.0033488101,-0.0006351229,-0.0022651546,0.020716839,0.10121201,0.1026255,0.10374599,0.108462006,0.1317676305770874,0.12043088674545288,0.5303851
fctsl07a,sample_40000,0.2752000093460083,1000,"(32, 32, 32, 32)",32,32,32,32,10,0.00051884993,0.003826269,0.0038523567,-0.00013912749,-0.0022650922,0.020814069,0.10170374,0.10312006,0.10432284,0.110329434,0.18205389380455017,0.15213643014431,0.6174946
8qa2xqdj,sample_47000,0.2849000096321106,1000,"(32, 32, 32, 32)",32,32,32,32,10,0.0007067529,0.00448812,0.004443718,0.00046886434,-0.0022650717,0.02091351,0.102205135,0.103629865,0.10490676,0.11223745,0.2222568690776825,0.1763756275177002,0.67685723
gecyw500,sample_55000,0.22259999811649325,1000,"(32, 32, 32, 32)",32,32,32,32,10,0.0007837569,0.0048124176,0.0047413833,0.0007870055,-0.0022650636,0.020964459,0.10246068,0.103892505,0.105204284,0.11320445,0.23853662610054016,0.18682627379894257,0.70105577
kkxmqn8f,sample_8000,0.10100000351667404,1000,"(64, 64, 64, 64)",64,64,64,64,10,6.3800864e-05,0.0008791011,-0.00019815203,-0.00047969207,0.0006262598,0.020640923,0.07212392,0.07205759,0.07261362,0.07187722,0.07696330547332764,0.08400285243988037,0.21546866
plcrns5s,sample_12000,0.10100000351667404,1000,"(64, 64, 64, 64)",64,64,64,64,10,6.385959e-05,0.0008795509,-0.0001980773,-0.00048028206,0.00062625913,0.020640934,0.07212397,0.0720577,0.07261363,0.0718765,0.07700170576572418,0.08400483429431915,0.21540838
wn64buo4,sample_25000,0.11389999836683272,1000,"(64, 64, 64, 64)",64,64,64,64,10,0.000109592336,0.00095004606,-0.00017017458,-0.0005021657,0.0006262794,0.020648783,0.07215119,0.07209171,0.07264276,0.07201889,0.08755841106176376,0.08890533447265625,0.2442596
z3zvkrxo,sample_32000,0.156700000166893,1000,"(64, 64, 64, 64)",64,64,64,64,10,0.00011540605,0.0009572786,-0.00016779968,-0.0004972061,0.00062627747,0.020649957,0.07215529,0.07209641,0.072647616,0.072058454,0.08883437514305115,0.08955591171979904,0.2489245
1kjgu7ol,sample_40000,0.3124000132083893,1000,"(64, 64, 64, 64)",64,64,64,64,10,0.00038424888,0.0013316164,0.00012352515,-0.00023561524,0.00062630157,0.020728078,0.07243363,0.0723928,0.07297544,0.07430683,0.1454315334558487,0.12269292771816254,0.5168794
1psgjamf,sample_47000,0.2874000072479248,1000,"(64, 64, 64, 64)",64,64,64,64,10,0.0004313464,0.0014128204,0.00020333478,-0.00016063836,0.0006262998,0.020746285,0.072499,0.07246151,0.073052846,0.07484733,0.15532636642456055,0.128944993019104,0.55279547
8xqsrdni,sample_55000,0.2313999980688095,1000,"(64, 64, 64, 64)",64,64,64,64,10,0.00046441527,0.0014739186,0.00026844838,-9.88417e-05,0.00062630314,0.02075969,0.07254721,0.07251212,0.07311008,0.0752529,0.16220006346702576,0.13333147764205933,0.57506025
hrvhmj63,sample_8000,0.11829999834299088,1000,"(128, 128, 128, 128)",128,128,128,128,10,7.858723e-05,0.00015648577,6.821475e-05,9.760265e-05,0.0011895336,0.020637888,0.05090975,0.051095225,0.051274296,0.051499937,0.08499976992607117,0.08973734825849533,0.21936572
0op9ocpu,sample_12000,0.155799999833107,1000,"(128, 128, 128, 128)",128,128,128,128,10,8.2475686e-05,0.00016133046,6.944615e-05,9.848163e-05,0.0011895368,0.020638317,0.050910864,0.05109632,0.051275283,0.051515467,0.085678830742836,0.09009413421154022,0.2220431
53oksbjj,sample_25000,0.15549999475479126,1000,"(128, 128, 128, 128)",128,128,128,128,10,7.921933e-05,0.00015774852,6.85095e-05,9.833397e-05,0.0011895329,0.02063798,0.050909985,0.05109545,0.051274493,0.05150308,0.08510404825210571,0.08979330211877823,0.21977815
l1hdx3tv,sample_32000,0.2167000025510788,1000,"(128, 128, 128, 128)",128,128,128,128,10,0.0002847016,0.0004415682,0.0002441607,0.00016918409,0.0011895588,0.020671148,0.050996326,0.051186137,0.051372018,0.052843384,0.12604913115501404,0.11184140294790268,0.37478936
8iwhh6ce,sample_40000,0.2694000005722046,1000,"(128, 128, 128, 128)",128,128,128,128,10,0.00042061892,0.0006589674,0.00045783696,0.0002958398,0.0011895726,0.020706255,0.05108785,0.051283002,0.051481593,0.054343242,0.15540596842765808,0.12838448584079742,0.47481298
ojixwqr6,sample_47000,0.3239000141620636,1000,"(128, 128, 128, 128)",128,128,128,128,10,0.00061981427,0.0010298955,0.0008526767,0.00061755895,0.0011895789,0.020779457,0.051277332,0.051481884,0.051701616,0.057317555,0.19986295700073242,0.15439090132713318,0.58839774
sm6apbzk,sample_55000,0.5210999846458435,1000,"(128, 128, 128, 128)",128,128,128,128,10,0.0009774646,0.0018261595,0.0016804216,0.0013494779,0.001189576,0.020968193,0.051761787,0.051983334,0.0522435,0.06412562,0.28776028752326965,0.2005556970834732,0.6725601
20g4ponp,sample_8000,0.21870000660419464,1000,"(256, 256, 256, 256)",256,256,256,256,10,4.812425e-05,-0.0002834335,6.123172e-05,-0.00022436959,0.0005181221,0.020627033,0.036183722,0.036020722,0.036066726,0.03608954,0.08318018913269043,0.08849546313285828,0.17462367
34eeha0c,sample_12000,0.29809999465942383,1000,"(256, 256, 256, 256)",256,256,256,256,10,5.3267053e-05,-0.00027643173,6.288229e-05,-0.00022278802,0.0005181241,0.020627838,0.03618523,0.03602224,0.03606843,0.036134064,0.08426080644130707,0.08910281956195831,0.17756148
dbwe61kx,sample_25000,0.1582999974489212,1000,"(256, 256, 256, 256)",256,256,256,256,10,4.9076676e-05,-0.00028189353,6.1337305e-05,-0.0002249807,0.000518122,0.0206272,0.036184028,0.036021028,0.03606714,0.03609391,0.08339208364486694,0.08862660825252533,0.17527011
1zz84qtg,sample_32000,0.21060000360012057,1000,"(256, 256, 256, 256)",256,256,256,256,10,0.00013177434,-0.00017668089,0.00011401613,-0.00019429656,0.0005181327,0.020640906,0.036209617,0.036047045,0.03609688,0.036875084,0.10112455487251282,0.0980767235159874,0.22876523
iqhwf45a,sample_40000,0.28760001063346863,1000,"(256, 256, 256, 256)",256,256,256,256,10,0.00020116396,-8.506509e-05,0.0001735799,-0.00015451142,0.000518134,0.02065504,0.036235925,0.036074083,0.036127444,0.03771379,0.11661401391029358,0.1060362160205841,0.2778876
nkol1bk1,sample_47000,0.3671999871730805,1000,"(256, 256, 256, 256)",256,256,256,256,10,0.0003007082,5.4543707e-05,0.00028510462,-6.771194e-05,0.0005181361,0.020679144,0.036280677,0.036120113,0.03617935,0.0391244,0.13951843976974487,0.11741194128990173,0.34121358
69fqt2co,sample_55000,0.4537000060081482,1000,"(256, 256, 256, 256)",256,256,256,256,10,0.00051934423,0.00039115365,0.0005963335,0.0002181158,0.00051813887,0.020748008,0.03640773,0.036250077,0.036322553,0.04274609,0.19141720235347748,0.1422974020242691,0.443752
5kh35zr1,sample_8000,0.21570000052452087,1000,"(512, 512, 512, 512)",512,512,512,512,10,-1.1620057e-05,-1.0359059e-05,-6.4437256e-05,-6.494807e-05,-0.0002409721,0.020625142,0.02550419,0.02549409,0.025513683,0.02525532,0.07807256281375885,0.08623583614826202,0.16921183
7b23i17h,sample_12000,0.19750000536441803,1000,"(512, 512, 512, 512)",512,512,512,512,10,-6.7920932e-06,-5.955826e-06,-6.00281e-05,-6.3686224e-05,-0.00024097068,0.020625768,0.025504958,0.02549489,0.02551456,0.025303796,0.07911576330661774,0.08677256852388382,0.17306167
gjoj4thu,sample_25000,0.25440001487731934,1000,"(512, 512, 512, 512)",512,512,512,512,10,-1.1720177e-05,-1.0401779e-05,-6.429484e-05,-6.5119806e-05,-0.0002409711,0.020625137,0.025504189,0.025494082,0.025513683,0.025254197,0.07805921137332916,0.08622728288173676,0.1691362
g7zj7at1,sample_32000,0.4498000144958496,1000,"(512, 512, 512, 512)",512,512,512,512,10,5.788399e-05,5.6083492e-05,-1.076951e-05,-3.953241e-05,-0.00024096362,0.02063529,0.025516855,0.025507258,0.025527991,0.026083421,0.09265029430389404,0.09407910704612732,0.22409046
xp4jmgea,sample_40000,0.49570000171661377,1000,"(512, 512, 512, 512)",512,512,511,512,10,0.00011972024,0.00011712797,3.5103687e-05,-3.274211e-06,-0.00024096257,0.02064605,0.025530443,0.025521427,0.025543304,0.026970709,0.10587884485721588,0.10114221274852753,0.27015623
0v2ffnj1,sample_47000,0.4964999854564667,1000,"(512, 512, 512, 512)",512,512,512,512,10,0.00017773839,0.00017738626,8.1373575e-05,4.037259e-05,-0.00024095984,0.02065765,0.025545137,0.02553678,0.025559772,0.027885927,0.11865237355232239,0.10779090970754623,0.31076598
cel4t8dh,sample_55000,0.6190999746322632,1000,"(512, 512, 512, 512)",512,512,512,512,10,0.00046453933,0.0005080248,0.00035158574,0.00031322901,-0.00024095768,0.020738449,0.025647467,0.025643457,0.025671372,0.03322756,0.18589209020137787,0.14114204049110413,0.4548014
vschd6kc,sample_8000,0.20960000157356265,1000,"(1024, 1024, 1024, 1024)",784,1024,1024,1023,10,2.8292287e-05,-4.7167973e-06,2.2669103e-05,-1.1239805e-05,0.0003942949,0.020614762,0.018047437,0.018053323,0.018041681,0.018153686,0.07672733068466187,0.0862262174487114,0.1691804
j9xzt9wm,sample_12000,0.11630000174045564,1000,"(1024, 1024, 1024, 1024)",784,1024,1024,1023,10,2.6089456e-05,-7.671332e-06,2.1060456e-05,-1.2083384e-05,0.00039429433,0.02061447,0.018047176,0.018053064,0.018041393,0.018122397,0.07626745104789734,0.08597266674041748,0.16769995
1nhdb75t,sample_25000,0.36320000886917114,1000,"(1024, 1024, 1024, 1024)",784,1023,1024,1024,10,6.88409e-05,3.9300412e-05,5.076397e-05,6.553037e-06,0.0003942983,0.02062001,0.018052084,0.018058093,0.018046835,0.018722257,0.08487453311681747,0.0906931683421135,0.19824353
fyvmmzhz,sample_32000,0.4735000133514404,1000,"(1024, 1024, 1024, 1024)",784,1023,1024,1024,10,0.00011399069,8.1743005e-05,8.0098514e-05,2.9844741e-05,0.0003942986,0.020626513,0.018057829,0.01806403,0.018053213,0.019404778,0.09397166967391968,0.09566144645214081,0.23230888
rcjzbfyy,sample_40000,0.5525000095367432,1000,"(1024, 1024, 1024, 1024)",784,1023,1024,1024,10,0.00010994852,7.796098e-05,7.7216086e-05,2.7446007e-05,0.00039429878,0.020625867,0.018057259,0.01806344,0.018052569,0.019335648,0.09316445887088776,0.09520550817251205,0.2291834
u9sie9jv,sample_47000,0.7213000059127808,1000,"(1024, 1024, 1024, 1024)",784,1024,1024,1024,10,0.0004043159,0.00033685614,0.00028122132,0.00021673607,0.00039430003,0.0206914,0.018115181,0.018123321,0.018115109,0.024958747,0.15904749929904938,0.1284405142068863,0.3919324
t62iplv6,sample_55000,0.7843000292778015,1000,"(1024, 1024, 1024, 1024)",784,1024,1023,1024,10,0.0005584293,0.00046817624,0.00038886344,0.00030883777,0.00039430373,0.020746386,0.01816383,0.018173313,0.018166322,0.0286543,0.19649142026901245,0.14604519307613373,0.4113322
b2gz8z68,sample_8000,0.1543000042438507,1000,"(1024, 1024, 1024, 1024)",784,1024,1024,1024,10,1.1107563e-05,-1.719516e-05,2.8557484e-05,8.060722e-06,1.7107097e-05,0.020595305,0.018031927,0.018039463,0.01803868,0.017877184,0.07404759526252747,0.08294957876205444,0.16186774
tl1f0m6e,sample_12000,0.22100000083446503,1000,"(1024, 1024, 1024, 1024)",784,1024,1024,1024,10,2.0915146e-05,-7.0343785e-06,3.541569e-05,1.3342815e-05,1.7109594e-05,0.020596381,0.018032901,0.018040448,0.018039688,0.017988414,0.07588711380958557,0.08395622670650482,0.1689392
2zs7g73p,sample_25000,0.3935000002384186,1000,"(1024, 1024, 1024, 1024)",784,1023,1023,1024,10,6.0166207e-05,3.1096017e-05,6.0782208e-05,3.1395342e-05,1.7112285e-05,0.020601204,0.018037198,0.018044785,0.018044263,0.018494833,0.08331169188022614,0.08802485466003418,0.19973509
gdkbuf3i,sample_32000,0.358599990606308,1000,"(1024, 1024, 1024, 1024)",784,1023,1023,1024,10,6.1674175e-05,3.243247e-05,6.178585e-05,3.226116e-05,1.7111412e-05,0.020601388,0.018037358,0.018044943,0.018044433,0.01851272,0.08359716087579727,0.08817822486162186,0.2011069
qrqmt57y,sample_40000,0.4738999903202057,1000,"(1024, 1024, 1024, 1024)",784,1023,1024,1024,10,0.00020568812,0.00015616283,0.00015766041,0.000117005824,1.7113645e-05,0.020626388,0.018059544,0.018067505,0.018068202,0.020982172,0.11182429641485214,0.10409428924322128,0.31904554
nws4a8qn,sample_47000,0.6725999712944031,1000,"(1024, 1024, 1024, 1024)",784,1024,1024,1024,10,0.0003547713,0.0002856668,0.00026685785,0.00021227106,1.7113727e-05,0.020662103,0.018091235,0.018099958,0.018102072,0.02402194,0.14567267894744873,0.12069875001907349,0.38585362
d19u7f43,sample_55000,0.7634999752044678,1000,"(1024, 1024, 1024, 1024)",784,1024,1023,1024,10,0.00052749534,0.00043275944,0.00039183832,0.00031565008,1.7117312e-05,0.02071979,0.018142462,0.0181523,0.018155957,0.028064448,0.18777136504650116,0.14040479063987732,0.41653576
ppbwo0oi,sample_8000,0.3050999939441681,1000,"(1024, 1024, 1024, 1024)",784,1024,1024,1024,10,-5.550009e-06,-2.4038318e-05,-1.2307276e-05,5.386993e-06,5.2794785e-05,0.020619247,0.018035574,0.01804501,0.018032072,0.018116083,0.07548453658819199,0.0845201164484024,0.16273129
qlvpr38i,sample_12000,0.3190000057220459,1000,"(1024, 1024, 1024, 1024)",784,1024,1024,1024,10,-1.2222895e-07,-1.8101544e-05,-7.700658e-06,8.044579e-06,5.2795076e-05,0.020619882,0.018036133,0.018045587,0.018032702,0.018182034,0.07654217630624771,0.08509054780006409,0.16634624
fg1p076d,sample_25000,0.3935000002384186,1000,"(1024, 1024, 1024, 1024)",784,1024,1024,1024,10,3.2889075e-05,1.5585025e-05,1.7589107e-05,2.2529399e-05,5.2797794e-05,0.020624148,0.0180399,0.018049458,0.018036844,0.018629989,0.0830245167016983,0.08863086998462677,0.19018808
b0jp6u67,sample_32000,0.46650001406669617,1000,"(1024, 1024, 1024, 1024)",784,1024,1024,1024,10,7.174002e-05,5.1652827e-05,4.4718145e-05,4.265507e-05,5.279827e-05,0.020629747,0.018044833,0.01805453,0.018042209,0.019208748,0.09075746685266495,0.092823825776577,0.21894997
663mryun,sample_40000,0.5332000255584717,1000,"(1024, 1024, 1024, 1024)",784,1024,1024,1023,10,0.00016192047,0.0001302617,0.00010567471,9.638376e-05,5.2799347e-05,0.020645441,0.018058684,0.018068772,0.018057134,0.020732438,0.10917752236127853,0.10282325744628906,0.28215194
fiwbwna8,sample_47000,0.6866000294685364,1000,"(1024, 1024, 1024, 1024)",784,1024,1023,1023,10,0.00032364597,0.00026821857,0.00022028279,0.00019808467,5.2800482e-05,0.020684108,0.018092887,0.01810393,0.018093515,0.023982527,0.14554080367088318,0.12130910158157349,0.363088
0nyw7zrm,sample_55000,0.776199996471405,1000,"(1024, 1024, 1024, 1024)",784,1024,1024,1023,10,0.00050397613,0.00042387244,0.0003526869,0.00031410003,5.2801985e-05,0.020745384,0.018147122,0.01815949,0.018150343,0.028224781,0.18942798674106598,0.14203108847141266,0.41012532
