run_id,run_name,sample_size,layer_structure,temp,rank_0,rank_1,rank_2,rank_3,rank_4,weight_mean_0,weight_mean_1,weight_mean_2,weight_mean_3,weight_mean_4,weight_std_0,weight_std_1,weight_std_2,weight_std_3,weight_std_4,activation_mean_global,activation_std_global,pca_explained_var
chj2ufd2,sample_8000,1000,"(8, 8, 8)",8,8,8,8,8,8,-0.00031646006,-0.021258099,-0.020401979,-0.04029535,-0.017459732,0.050148074,0.20035002,0.20678008,0.20614843,0.19743632,0.18593084812164307,0.1389162540435791,0.7019551
gn62zqsh,sample_12000,1000,"(8, 8, 8)",8,8,8,8,8,8,-0.00031646006,-0.021340555,-0.020443361,-0.039662324,-0.017459715,0.050148074,0.20058495,0.20712653,0.20654589,0.19763595,0.187384694814682,0.13963034749031067,0.698662
4nnuoopw,sample_25000,1000,"(8, 8, 8)",8,8,8,8,8,8,-0.00031646006,-0.021700263,-0.01998012,-0.037104595,-0.01745962,0.050148074,0.2012536,0.2082501,0.20820405,0.1988551,0.19181430339813232,0.14232370257377625,0.6827401
ggpeh66j,sample_32000,1000,"(8, 8, 8)",8,8,8,8,8,8,-0.00031646006,-0.02185798,-0.019698361,-0.03580938,-0.017459609,0.050148074,0.2018193,0.20912664,0.20932016,0.19992834,0.19502030313014984,0.14434149861335754,0.6715398
npub72pn,sample_40000,1000,"(8, 8, 8)",8,8,8,8,8,8,-0.00031646006,-0.022035092,-0.019198017,-0.034521244,-0.017459359,0.050148074,0.20274036,0.21043836,0.2109745,0.20154814,0.19917112588882446,0.14721280336380005,0.66299397
7n6otueh,sample_47000,1000,"(8, 8, 8)",8,8,8,8,8,8,-0.00031646006,-0.022201387,-0.018683484,-0.033542283,-0.01745925,0.050148074,0.20378044,0.21185154,0.21272935,0.2032193,0.2029106616973877,0.1499834805727005,0.66714334
qa6b70d7,sample_55000,1000,"(8, 8, 8)",8,8,8,8,8,8,-0.00031646006,-0.022393586,-0.018132854,-0.031793702,-0.017459163,0.050148074,0.20536825,0.21387717,0.21527365,0.2056334,0.2077311873435974,0.15374541282653809,0.68027306
jol1yrtj,sample_8000,1000,"(16, 16, 16)",16,16,16,16,16,10,0.00033452528,-0.0112588685,0.007896369,0.0014777227,0.010045388,0.049969893,0.14245631,0.14722782,0.15060776,0.14679384,0.12426292151212692,0.13091100752353668,0.57741296
vrkp2b6j,sample_12000,1000,"(16, 16, 16)",16,16,16,16,16,10,0.00033452528,-0.011231204,0.007879188,0.0014528746,0.010045384,0.049969893,0.14246711,0.14723088,0.1505909,0.146655,0.12413619458675385,0.1309056580066681,0.57821476
5yjzesih,sample_25000,1000,"(16, 16, 16)",16,16,16,16,16,10,0.00033452528,-0.011235494,0.007896124,0.0014539713,0.010045402,0.049969893,0.14246634,0.14723565,0.15060155,0.14667135,0.12422279268503189,0.13092443346977234,0.57819414
g0g1gs39,sample_32000,1000,"(16, 16, 16)",16,16,16,16,16,10,0.00033452528,-0.011234414,0.007897496,0.0014473259,0.010045396,0.049969893,0.14246692,0.14723633,0.15060005,0.14665169,0.12423433363437653,0.13092944025993347,0.5781498
i37bg4rj,sample_40000,1000,"(16, 16, 16)",16,16,16,16,16,10,0.00033452528,-0.011226149,0.007900545,0.0014449612,0.010045406,0.049969893,0.14247012,0.14723833,0.15060215,0.1466345,0.12421739846467972,0.13093414902687073,0.5783553
4hffj3bn,sample_47000,1000,"(16, 16, 16)",16,16,16,16,16,10,0.00033452528,-0.011246873,0.007894654,0.0014616793,0.01004539,0.049969893,0.14245893,0.1472289,0.15060315,0.14672512,0.12422588467597961,0.1309119462966919,0.57767445
9q8yunzi,sample_55000,1000,"(16, 16, 16)",16,16,16,16,16,10,0.00033452528,-0.011228459,0.007901423,0.0014538316,0.010045393,0.049969893,0.14246807,0.14723583,0.15060413,0.14666596,0.12420670688152313,0.13093286752700806,0.5781848
0yajeju9,sample_8000,1000,"(32, 32, 32)",32,32,32,32,32,10,0.0006359629,-6.0429564e-05,-0.0002515182,-0.00089107896,-0.00732351,0.049425635,0.10320696,0.10222725,0.098928876,0.101906426,0.090645432472229,0.10445626080036163,0.3844986
ggmdfzte,sample_12000,1000,"(32, 32, 32)",32,32,32,31,32,10,0.0006359629,-6.2688836e-05,-0.00025609857,-0.0008988959,-0.0073235123,0.049425635,0.10320498,0.10222418,0.098926626,0.10190079,0.09061378240585327,0.1044355034828186,0.38420486
7nlthsen,sample_25000,1000,"(32, 32, 32)",32,32,32,32,32,10,0.0006359629,-6.354315e-05,-0.00025389157,-0.0008936747,-0.007323512,0.049425635,0.10320526,0.1022247,0.09892772,0.10190926,0.09060011804103851,0.10442638397216797,0.38431036
z8vmw6vg,sample_32000,1000,"(32, 32, 32)",32,32,32,32,32,10,0.0006359629,-6.0990686e-05,-0.00024398288,-0.0008823015,-0.0073235147,0.049425635,0.10320969,0.10223097,0.09893316,0.1019331,0.09067518264055252,0.10447253286838531,0.38477564
ptgedx68,sample_40000,1000,"(32, 32, 32)",32,32,32,32,32,10,0.0006359629,0.0005652956,0.0008321003,-0.0003532949,-0.0073234946,0.049425635,0.10417573,0.10337809,0.10013476,0.10598262,0.10909627377986908,0.11576667428016663,0.45924744
pi0gzf3x,sample_47000,1000,"(32, 32, 32)",32,32,32,32,32,10,0.0006359629,0.00082186214,0.0012618754,-0.00014101062,-0.007323456,0.049425635,0.10464078,0.103909224,0.10073408,0.10799908,0.1170324981212616,0.12060968577861786,0.48769706
s2idd0yl,sample_55000,1000,"(32, 32, 32)",32,32,32,32,32,10,0.0006359629,0.0010628355,0.0017047251,0.00019346923,-0.0073234765,0.049425635,0.105140164,0.10447204,0.10137987,0.11021353,0.12477099895477295,0.12535560131072998,0.51512426
l88xykbx,sample_8000,1000,"(64, 64, 64)",64,64,64,64,64,10,2.1910324e-05,-0.0011793715,0.00048007246,0.0017362793,-0.0013199748,0.04838623,0.071836874,0.071951926,0.07264339,0.07419985,0.11811799556016922,0.12077455222606659,0.28472066
gjv7r6q7,sample_12000,1000,"(64, 64, 64)",64,64,64,64,64,10,2.1910324e-05,-0.0011722338,0.0005833503,0.001767861,-0.0013199712,0.04838623,0.07187235,0.071987934,0.07268266,0.074449286,0.12042735517024994,0.12194554507732391,0.2903332
x275ghkx,sample_25000,1000,"(64, 64, 64)",64,64,64,64,64,10,2.1910324e-05,-0.0011284631,0.0010423191,0.0020222524,-0.0013199598,0.04838623,0.07210867,0.07222915,0.07293983,0.07621282,0.1325661987066269,0.12864243984222412,0.32190657
765wwoua,sample_32000,1000,"(64, 64, 64)",64,64,64,64,64,10,2.1910324e-05,-0.0010835292,0.0014522063,0.0023220868,-0.0013199551,0.04838623,0.07238403,0.07250895,0.073231675,0.078217305,0.14399221539497375,0.13517197966575623,0.35506207
iawmbf9n,sample_40000,1000,"(64, 64, 64)",64,64,64,64,64,10,2.1910324e-05,-0.0010113042,0.0021238388,0.002862201,-0.0013199645,0.04838623,0.07292869,0.07306257,0.073805965,0.08208691,0.16327686607837677,0.14638657867908478,0.4090824
x65nm6mn,sample_47000,1000,"(64, 64, 64)",64,64,64,64,64,10,2.1910324e-05,-0.00093995826,0.0029848688,0.0036056708,-0.0013199376,0.04838623,0.0737654,0.07390962,0.074681595,0.08773933,0.18793413043022156,0.1610347181558609,0.47012398
7y1c5zpt,sample_55000,1000,"(64, 64, 64)",64,64,64,64,64,10,2.1910324e-05,-0.00084391655,0.0043270737,0.0047711707,-0.0013199464,0.04838623,0.075231045,0.07538537,0.07621465,0.096981145,0.22571063041687012,0.18205572664737701,0.5275631
t2mwkdkg,sample_8000,1000,"(128, 128, 128)",128,128,128,128,128,10,0.00010154573,0.00030343927,0.0006242496,-0.00065224717,0.0008838201,0.046861645,0.05108965,0.05084378,0.0508806,0.050989322,0.10223743319511414,0.11271240562200546,0.21650788
j2ky3i3w,sample_12000,1000,"(128, 128, 128)",128,128,128,128,128,10,0.00010154573,0.0002991935,0.00059080694,-0.00067136146,0.00088381954,0.046861645,0.051080983,0.050835207,0.050870113,0.05086155,0.10133367776870728,0.11222974210977554,0.21395683
gtq1lh8h,sample_25000,1000,"(128, 128, 128)",128,128,128,128,128,10,0.00010154573,0.00037797468,0.0010532425,-0.00035900978,0.00088382995,0.046861645,0.051247686,0.05100246,0.051063858,0.053408716,0.11791224777698517,0.12203800678253174,0.27073926
1cbaseiu,sample_32000,1000,"(128, 128, 128)",128,128,128,128,127,10,0.00010154573,0.00045065663,0.0014385774,-7.50014e-05,0.00088383135,0.046861645,0.051425368,0.05117963,0.05126623,0.05604857,0.1335313618183136,0.13133938610553741,0.31906193
5413pjp4,sample_40000,1000,"(128, 128, 128)",128,128,128,128,128,10,0.00010154573,0.0005127155,0.0017495964,0.00018028141,0.00088383054,0.046861645,0.051593672,0.051346168,0.051453862,0.058396894,0.14688971638679504,0.13913923501968384,0.35484606
qpylw4p6,sample_47000,1000,"(128, 128, 128)",128,128,128,128,128,10,0.00010154573,0.00078594504,0.003109858,0.0014523731,0.0008838374,0.046861645,0.05257071,0.05230756,0.052511726,0.070320874,0.20907467603683472,0.17397662997245789,0.46188647
k0q00b5a,sample_55000,1000,"(128, 128, 128)",128,128,128,128,128,10,0.00010154573,0.0010100496,0.0042921416,0.0025518243,0.0008838388,0.046861645,0.05370055,0.053411018,0.05369599,0.08173244,0.26577264070510864,0.20351871848106384,0.50089276
a2s1f3h8,sample_8000,1000,"(256, 256, 256)",256,256,256,256,256,10,3.5883808e-05,3.149191e-05,0.00024544104,0.00012419741,-0.00021732433,0.043851577,0.035989862,0.036134303,0.03613161,0.036517367,0.09705061465501785,0.10751859098672867,0.18113765
rzmg3n8v,sample_12000,1000,"(256, 256, 256)",256,256,256,256,256,10,3.5883808e-05,3.3163145e-05,0.00029140466,0.00015410688,-0.00021732393,0.043851577,0.036000293,0.036144633,0.036142748,0.036814995,0.10061472654342651,0.10950051248073578,0.18915147
jndsjfa0,sample_25000,1000,"(256, 256, 256)",256,256,256,256,256,10,3.5883808e-05,4.7938804e-05,0.0006112954,0.00037177978,-0.0002173209,0.043851577,0.036101304,0.03624335,0.036248095,0.039608505,0.12818588316440582,0.12525635957717896,0.26839596
2ozijh5w,sample_32000,1000,"(256, 256, 256)",256,256,256,256,256,10,3.5883808e-05,6.629145e-05,0.0009973584,0.0006672394,-0.00021732246,0.043851577,0.036279064,0.036415264,0.0364303,0.044007547,0.16471844911575317,0.14591537415981293,0.35953552
zhn6z8n5,sample_40000,1000,"(256, 256, 256)",256,256,256,256,256,10,3.5883808e-05,9.7250566e-05,0.0016681033,0.0011990073,-0.00021731807,0.043851577,0.036699127,0.036817968,0.036854208,0.052805066,0.2304646223783493,0.18059056997299194,0.4343831
nle09p1m,sample_47000,1000,"(256, 256, 256)",256,256,256,256,256,10,3.5883808e-05,0.00011413903,0.0021597685,0.001585921,-0.00021731519,0.043851577,0.03713094,0.037231885,0.037285417,0.0604211,0.2803282141685486,0.206473246216774,0.4469455
0aeir201,sample_55000,1000,"(256, 256, 256)",256,256,256,256,256,10,3.5883808e-05,0.000120374076,0.0024795327,0.0018283341,-0.00021730378,0.043851577,0.037486576,0.0375735,0.037639346,0.06602857,0.31215375661849976,0.2228233516216278,0.44047028
azdgmiev,sample_8000,1000,"(512, 512, 512)",512,512,512,512,512,10,-7.186452e-05,1.8031405e-05,8.8374334e-05,3.1760323e-05,0.00014829522,0.03929545,0.025527084,0.025520263,0.02549221,0.025765644,0.09068934619426727,0.09791649878025055,0.20122
8qa6hm7s,sample_12000,1000,"(512, 512, 512)",512,512,512,512,512,10,-7.186452e-05,1.7453487e-05,0.00012880794,6.225931e-05,0.00014829548,0.03929545,0.025534868,0.02552797,0.025500055,0.026183506,0.0969906896352768,0.1014464944601059,0.22210348
esdjdqqs,sample_25000,1000,"(512, 512, 512)",512,512,512,512,512,10,-7.186452e-05,1.44073765e-05,0.00044834806,0.00032396117,0.00014829666,0.03929545,0.025631784,0.025622442,0.025597472,0.030973522,0.15069326758384705,0.1321745663881302,0.37476736
ko0e0ryx,sample_32000,1000,"(512, 512, 512)",512,512,512,512,512,10,-7.186452e-05,6.1298188e-06,0.00077986636,0.0005887945,0.00014829605,0.03929545,0.025785403,0.025770202,0.02575039,0.03722466,0.20974193513393402,0.1631113588809967,0.44412044
cwzgwndv,sample_40000,1000,"(512, 512, 512)",512,512,512,512,512,10,-7.186452e-05,-3.685247e-06,0.0010257638,0.0007812973,0.00014830078,0.03929545,0.025949758,0.025927896,0.02591296,0.042837366,0.2550831437110901,0.18616865575313568,0.46022898
ha9bp6nx,sample_47000,1000,"(512, 512, 512)",512,512,511,512,512,10,-7.186452e-05,-8.069472e-06,0.0011333392,0.000866298,0.0001483032,0.03929545,0.026046284,0.026020948,0.026008485,0.045812972,0.27529653906822205,0.19599339365959167,0.45650965
l5b50lq8,sample_55000,1000,"(512, 512, 512)",512,512,512,512,512,10,-7.186452e-05,-1.043366e-05,0.0012042788,0.0009202854,0.00014830827,0.03929545,0.026127458,0.026099635,0.026089007,0.048171557,0.28872472047805786,0.2022811472415924,0.4486513
hm5x4pmi,sample_8000,1000,"(8, 8, 8)",8,8,8,8,8,8,-0.0003558649,0.022112753,0.032341167,0.0010877196,0.0069493414,0.050264187,0.1953638,0.20817895,0.19982478,0.21166927,0.09326817840337753,0.07165780663490295,0.8586885
soa94vgj,sample_12000,1000,"(8, 8, 8)",8,8,8,8,8,8,-0.0003558649,0.022142224,0.032347124,0.0010230346,0.0069493516,0.050264187,0.19539107,0.20820062,0.19982797,0.21155952,0.09328719973564148,0.07173872739076614,0.85880053
7kiiny16,sample_25000,1000,"(8, 8, 8)",8,8,8,8,8,8,-0.0003558649,0.022158619,0.032326087,0.0010727793,0.006949313,0.050264187,0.1953309,0.20815764,0.19980823,0.2115984,0.09309069067239761,0.0716160461306572,0.85890883
2otaalj9,sample_32000,1000,"(8, 8, 8)",8,8,8,8,8,8,-0.0003558649,0.022165408,0.032337725,0.001069637,0.0069492892,0.050264187,0.19533595,0.20815895,0.1998071,0.21158256,0.09308899939060211,0.07164189219474792,0.8589969
rss1ifme,sample_40000,1000,"(8, 8, 8)",8,8,8,8,8,8,-0.0003558649,0.022162609,0.03230897,0.0010766145,0.0069493176,0.050264187,0.19528846,0.20812829,0.1997757,0.21158233,0.09296426922082901,0.07151663303375244,0.8590808
pbjpvn4y,sample_47000,1000,"(8, 8, 8)",8,8,8,8,8,8,-0.0003558649,0.022192452,0.032334782,0.0010245768,0.0069493474,0.050264187,0.1953341,0.20815851,0.19979107,0.2115045,0.09295696020126343,0.0716477707028389,0.8591959
wvt0l511,sample_55000,1000,"(8, 8, 8)",8,8,8,8,8,8,-0.0003558649,0.02215225,0.03228611,0.0011078492,0.006949286,0.050264187,0.19525458,0.20810959,0.19975993,0.21163659,0.0929536372423172,0.07142850756645203,0.85910106
3zpai9zn,sample_8000,1000,"(16, 16, 16)",16,16,16,16,16,10,-8.577336e-05,0.007825587,-0.008641835,-0.0009640716,0.0019783638,0.0501327,0.1450211,0.14203088,0.14529438,0.14599906,0.16426900029182434,0.14680343866348267,0.5285851
enywt7y4,sample_12000,1000,"(16, 16, 16)",16,16,16,16,16,10,-8.577336e-05,0.0076835826,-0.008423446,-0.00084476755,0.0019783657,0.0501327,0.14514615,0.14225394,0.145547,0.14611027,0.16673216223716736,0.1479739248752594,0.52888006
kqc1jaht,sample_25000,1000,"(16, 16, 16)",16,16,16,16,16,10,-8.577336e-05,0.007372331,-0.008146828,-0.00073378533,0.0019784062,0.0501327,0.14536914,0.1425961,0.14590614,0.14636129,0.1705491840839386,0.14981862902641296,0.528455
d47075yl,sample_32000,1000,"(16, 16, 16)",16,16,16,16,16,10,-8.577336e-05,0.0064125396,-0.0068747,0.00014763931,0.0019783855,0.0501327,0.1467378,0.14431009,0.14767894,0.14881751,0.18563193082809448,0.15787769854068756,0.52747214
o3ubbv3q,sample_40000,1000,"(16, 16, 16)",16,16,16,16,16,10,-8.577336e-05,0.0057988986,-0.005909562,0.00088479207,0.0019784109,0.0501327,0.14800598,0.14577882,0.14919424,0.1511502,0.196914404630661,0.16413795948028564,0.5309991
shoqxtzl,sample_47000,1000,"(16, 16, 16)",16,16,16,16,16,10,-8.577336e-05,0.0051229117,-0.00493286,0.0018077947,0.0019783848,0.0501327,0.14964907,0.14764121,0.15110026,0.15421277,0.210117906332016,0.17134582996368408,0.5422652
cow8zbja,sample_55000,1000,"(16, 16, 16)",16,16,16,16,16,10,-8.577336e-05,0.0043309927,-0.0036808974,0.0030448544,0.0019783801,0.0501327,0.1520659,0.15038614,0.15388788,0.15868494,0.22737416625022888,0.1806510090827942,0.5633378
mcp7xlzf,sample_8000,1000,"(32, 32, 32)",32,32,32,32,32,10,0.00013411658,0.00030875532,0.00018606673,-0.005303015,-0.008770024,0.04957292,0.10226886,0.102425694,0.10186664,0.10079856,0.09804467856884003,0.11068053543567657,0.28818092
e362vlrk,sample_12000,1000,"(32, 32, 32)",32,32,32,32,32,10,0.00013411658,0.00030856684,0.00018657139,-0.0053045675,-0.0087700235,0.04957292,0.10226867,0.10242529,0.10186577,0.10079584,0.09803001582622528,0.11067420989274979,0.28818536
3pjkyana,sample_25000,1000,"(32, 32, 32)",32,32,32,32,32,10,0.00013411658,0.00030753633,0.00018974696,-0.0053091864,-0.008770022,0.04957292,0.10226871,0.10242459,0.10186346,0.100788414,0.09798312187194824,0.11065791547298431,0.28823924
8djzdpyr,sample_32000,1000,"(32, 32, 32)",32,32,32,32,32,10,0.00013411658,0.00029016682,0.0009519581,-0.0052234014,-0.008769909,0.04957292,0.10252589,0.10269851,0.10210815,0.10178281,0.10181692242622375,0.11333080381155014,0.31086844
nsjdbi3u,sample_40000,1000,"(32, 32, 32)",32,32,32,32,32,10,0.00013411658,0.00028865458,0.0013213585,-0.005143806,-0.008769879,0.04957292,0.10271512,0.102905914,0.10232104,0.10254944,0.10515378415584564,0.11541067808866501,0.3255353
evfufbj7,sample_47000,1000,"(32, 32, 32)",32,32,32,32,32,10,0.00013411658,0.00028590846,0.0017059626,-0.005039668,-0.008769848,0.04957292,0.102961734,0.10317222,0.10259511,0.10354696,0.10922252386808395,0.11790142953395844,0.34230304
j7nmp99y,sample_55000,1000,"(32, 32, 32)",32,32,32,32,32,10,0.00013411658,0.0003009995,0.0022345,-0.00486056,-0.00876983,0.04957292,0.10335918,0.10360069,0.10304924,0.10518872,0.11551641672849655,0.12171735614538193,0.3671937
l2i6i8gz,sample_8000,1000,"(64, 64, 64)",64,64,64,64,64,10,0.00019960008,-0.001767602,0.000115606934,2.2374981e-05,0.0055919653,0.048515327,0.07212521,0.072397456,0.07229295,0.072183706,0.1201658546924591,0.12048543989658356,0.3009925
o9xus9wk,sample_12000,1000,"(64, 64, 64)",64,64,64,64,64,10,0.00019960008,-0.0017549733,0.00018671073,7.871451e-06,0.005591967,0.048515327,0.07215094,0.07242507,0.07232696,0.072368965,0.12176903337240219,0.1215767189860344,0.3058077
4asv03yq,sample_25000,1000,"(64, 64, 64)",64,64,64,64,64,10,0.00019960008,-0.0017125047,0.0006076504,8.3524064e-05,0.005591969,0.048515327,0.07234426,0.07262938,0.072562635,0.073933244,0.13174960017204285,0.1280307024717331,0.33853233
tg2cm9pa,sample_32000,1000,"(64, 64, 64)",64,64,64,64,64,10,0.00019960008,-0.0016958938,0.00081983785,0.00015638184,0.0055919765,0.048515327,0.072458476,0.07274881,0.07269456,0.07482039,0.13725750148296356,0.13129962980747223,0.35582072
wyv0bilp,sample_40000,1000,"(64, 64, 64)",64,64,64,64,64,10,0.00019960008,-0.0016982683,0.00077868695,0.00013553305,0.005591978,0.048515327,0.07243315,0.07272271,0.07266527,0.07461171,0.1360989511013031,0.13060031831264496,0.35204118
b2jfaq7r,sample_47000,1000,"(64, 64, 64)",64,64,64,64,64,10,0.00019960008,-0.0015831266,0.0028088244,0.0014025796,0.0055919765,0.048515327,0.07391886,0.07424119,0.07432422,0.085543714,0.19290247559547424,0.16167116165161133,0.4964937
i2ii9wqq,sample_55000,1000,"(64, 64, 64)",64,64,64,64,64,10,0.00019960008,-0.0015410408,0.0043365723,0.0025530385,0.005592002,0.048515327,0.07528943,0.07561417,0.075813934,0.09448058,0.2361404001712799,0.1825832724571228,0.55116487
kpxb40bq,sample_8000,1000,"(128, 128, 128)",128,128,128,128,128,10,2.5555668e-05,0.00010337887,-2.6419584e-06,0.000104339575,-0.0008913853,0.046764202,0.05104814,0.05107747,0.051035985,0.050204083,0.11156395822763443,0.11529484391212463,0.20465761
0lbqyecz,sample_12000,1000,"(128, 128, 128)",128,128,128,128,128,10,2.5555668e-05,0.00010592141,5.037774e-05,0.00012727689,-0.0008913806,0.046764202,0.051063668,0.05109293,0.05105293,0.050439265,0.11383508145809174,0.11651936173439026,0.20884496
yxzs5gi6,sample_25000,1000,"(128, 128, 128)",128,128,128,128,128,10,2.5555668e-05,0.00012646729,0.0003746664,0.00029716684,-0.00089137506,0.046764202,0.051179543,0.051207997,0.051177416,0.052167937,0.12868717312812805,0.12472647428512573,0.2456469
q2aqjltk,sample_32000,1000,"(128, 128, 128)",128,128,128,128,128,10,2.5555668e-05,0.00015366476,0.0007096885,0.0005274565,-0.0008913771,0.046764202,0.05132559,0.051351544,0.05133213,0.05426144,0.14500145614147186,0.13368749618530273,0.29134616
41wgn1vs,sample_40000,1000,"(128, 128, 128)",128,128,127,128,128,10,2.5555668e-05,0.00015408546,0.0007067947,0.0005276242,-0.0008913744,0.046764202,0.05132456,0.051350437,0.051330917,0.05424845,0.14488336443901062,0.13366200029850006,0.29119697
ushn22mi,sample_47000,1000,"(128, 128, 128)",128,128,128,128,128,10,2.5555668e-05,0.00026135021,0.002140271,0.0017110683,-0.0008913692,0.046764202,0.052270174,0.052272722,0.052308332,0.0661404,0.22127169370651245,0.1746348887681961,0.45629796
3ho8n7io,sample_55000,1000,"(128, 128, 128)",128,128,128,128,128,10,2.5555668e-05,0.000283973,0.003288687,0.0026750432,-0.00089137105,0.046764202,0.053375944,0.05334233,0.053434547,0.07768366,0.28473809361457825,0.20800913870334625,0.5044583
20e0kzhz,sample_8000,1000,"(256, 256, 256)",256,256,256,256,256,10,-3.0861775e-05,0.00010132323,3.5399833e-05,5.2943313e-05,0.0013084033,0.043751672,0.03605777,0.036037143,0.036063418,0.035561882,0.09460489451885223,0.10334253311157227,0.20204309
4fx0esw4,sample_12000,1000,"(256, 256, 256)",256,256,256,256,256,10,-3.0861775e-05,0.000103631,7.633228e-05,7.736701e-05,0.0013084032,0.043751672,0.03606716,0.036046594,0.03607319,0.03581992,0.0982266366481781,0.10542961955070496,0.21657434
zq2zrxaa,sample_25000,1000,"(256, 256, 256)",256,256,256,256,256,10,-3.0861775e-05,0.00012335926,0.00043785293,0.00033240885,0.0013084052,0.043751672,0.03618411,0.03616229,0.036193363,0.0390245,0.1319092959165573,0.12536783516407013,0.3412111
85d60sts,sample_32000,1000,"(256, 256, 256)",256,256,256,256,256,10,-3.0861775e-05,0.00014341078,0.00082596176,0.0006507515,0.0013084064,0.043751672,0.03636682,0.036340795,0.036379013,0.0435713,0.17031310498714447,0.1473030149936676,0.4282543
f2wkk1mm,sample_40000,1000,"(256, 256, 256)",256,256,256,256,256,10,-3.0861775e-05,0.0001763259,0.0014793453,0.0011891748,0.0013084118,0.043751672,0.036760893,0.036721345,0.036774013,0.051913075,0.23548057675361633,0.18035081028938293,0.49316785
abqyobuq,sample_47000,1000,"(256, 256, 256)",256,256,256,256,256,10,-3.0861775e-05,0.0001972045,0.0019124798,0.0015476561,0.0013084186,0.043751672,0.03714082,0.037087925,0.037151124,0.05872351,0.28087401390075684,0.20329611003398895,0.49583453
elbqt49c,sample_55000,1000,"(256, 256, 256)",256,256,256,256,256,10,-3.0861775e-05,0.0002084985,0.0021967748,0.001784569,0.0013084251,0.043751672,0.037466187,0.03740263,0.037472896,0.06397341,0.3111557960510254,0.2181869000196457,0.4830525
zk5i7jxj,sample_8000,1000,"(512, 512, 512)",512,512,512,512,512,10,-7.34771e-05,1.8076938e-05,9.304705e-05,-1.7402863e-06,-0.0005082761,0.039237667,0.02548337,0.025497662,0.025499586,0.025847707,0.09217160940170288,0.09678862988948822,0.2007747
8xok6yux,sample_12000,1000,"(512, 512, 512)",512,512,512,511,512,10,-7.34771e-05,1.9901852e-05,0.00014121982,3.0582753e-05,-0.000508276,0.039237667,0.025491744,0.025505971,0.025508363,0.026311014,0.09905099123716354,0.10030199587345123,0.22502816
cw8un6vo,sample_25000,1000,"(512, 512, 512)",512,512,512,512,512,10,-7.34771e-05,3.5539735e-05,0.00049243553,0.00029354717,-0.00050827395,0.039237667,0.02559554,0.025606997,0.025614364,0.03143687,0.15683779120445251,0.1307600736618042,0.3820823
b3fdkaxq,sample_32000,1000,"(512, 512, 512)",512,512,512,512,512,10,-7.34771e-05,4.9499e-05,0.00081544707,0.00054450333,-0.00050827034,0.039237667,0.025748957,0.025754264,0.025767837,0.037595294,0.2139488160610199,0.1591714322566986,0.44062507
878g923z,sample_40000,1000,"(512, 512, 512)",512,512,512,512,512,10,-7.34771e-05,6.101409e-05,0.0010481315,0.00072806934,-0.00050826446,0.039237667,0.025909897,0.025908561,0.025927244,0.043041497,0.2570076584815979,0.1804206669330597,0.44657528
s6g420v4,sample_47000,1000,"(512, 512, 512)",512,512,512,512,512,10,-7.34771e-05,6.7600966e-05,0.0011559009,0.00081400975,-0.00050825794,0.039237667,0.026005985,0.026000857,0.026022052,0.04597792,0.27708083391189575,0.18983688950538635,0.43853033
hin6b3cl,sample_55000,1000,"(512, 512, 512)",512,512,512,512,512,10,-7.34771e-05,7.33517e-05,0.0012223811,0.00086878054,-0.00050824863,0.039237667,0.026082993,0.026075274,0.026098095,0.04820443,0.2893581986427307,0.19562123715877533,0.4308635
tg774jnu,sample_8000,1000,"(8, 8, 8)",8,8,8,8,8,8,0.0002709585,0.030211145,-0.06646532,0.0050111553,-0.04115224,0.05018328,0.19729184,0.20567967,0.18744361,0.21167772,0.13411881029605865,0.13886143267154694,0.7284404
ffzuahok,sample_12000,1000,"(8, 8, 8)",8,8,8,8,8,8,0.0002709585,0.030468687,-0.066428065,0.0049295556,-0.041152257,0.05018328,0.19732971,0.20577668,0.18756403,0.21160188,0.13436491787433624,0.13911482691764832,0.7283269
2ajvmxyx,sample_25000,1000,"(8, 8, 8)",8,8,8,8,8,8,0.0002709585,0.0302121,-0.06646274,0.004997424,-0.04115229,0.05018328,0.19727257,0.20568222,0.18745768,0.21162279,0.13416580855846405,0.13884083926677704,0.72872376
cd92odkr,sample_32000,1000,"(8, 8, 8)",8,8,8,8,8,8,0.0002709585,0.030339003,-0.06644016,0.0049771806,-0.0411523,0.05018328,0.19727932,0.20572403,0.18751696,0.21162319,0.1342027336359024,0.1389237344264984,0.7286682
8i00qtdo,sample_40000,1000,"(8, 8, 8)",8,8,8,8,8,8,0.0002709585,0.030186929,-0.06645302,0.0050033852,-0.04115231,0.05018328,0.19727461,0.20567831,0.18746217,0.21162955,0.13414175808429718,0.1388324797153473,0.7286749
ta5o2de3,sample_47000,1000,"(8, 8, 8)",8,8,8,8,8,8,0.0002709585,0.03025506,-0.06644572,0.0049987435,-0.041152287,0.05018328,0.19728433,0.20569818,0.18748039,0.21165861,0.13414403796195984,0.13888120651245117,0.7285667
768pt10i,sample_55000,1000,"(8, 8, 8)",8,8,8,8,8,8,0.0002709585,0.03014344,-0.06646103,0.0050134463,-0.041152287,0.05018328,0.19727619,0.20566444,0.1874414,0.21164662,0.13411659002304077,0.13880807161331177,0.728621
nlkgkimq,sample_8000,1000,"(16, 16, 16)",16,16,16,16,16,10,-0.00010267425,-0.013556937,-0.010196669,-0.006128217,0.0023302934,0.049891256,0.14412174,0.14422028,0.15155703,0.13887204,0.13384485244750977,0.1328624188899994,0.5023763
tr645yrg,sample_12000,1000,"(16, 16, 16)",16,16,16,16,16,10,-0.00010267425,-0.013547864,-0.0102048945,-0.0061391005,0.0023302934,0.049891256,0.14411703,0.14421459,0.1515513,0.13885629,0.13377919793128967,0.13281361758708954,0.50242275
b0y81lr9,sample_25000,1000,"(16, 16, 16)",16,16,16,16,16,10,-0.00010267425,-0.012869865,-0.010897371,-0.006795901,0.0023303307,0.049891256,0.14390528,0.14393927,0.15141743,0.13843994,0.12958021461963654,0.12971432507038116,0.5103362
d86wbuk8,sample_32000,1000,"(16, 16, 16)",16,16,16,16,16,10,-0.00010267425,-0.012869559,-0.010893196,-0.0067748274,0.0023303144,0.049891256,0.14390597,0.1439414,0.15142336,0.13844287,0.12958499789237976,0.12971225380897522,0.5103025
owvpiwsc,sample_40000,1000,"(16, 16, 16)",16,16,16,16,16,10,-0.00010267425,-0.012902869,-0.01085099,-0.006785418,0.0023302995,0.049891256,0.14389986,0.14394048,0.15140484,0.13840963,0.12962983548641205,0.12974220514297485,0.5094084
c6r5ynhl,sample_47000,1000,"(16, 16, 16)",16,16,16,16,16,10,-0.00010267425,-0.012887327,-0.010914759,-0.006793879,0.0023302876,0.049891256,0.14389427,0.14393635,0.15141359,0.1384454,0.129521906375885,0.12969465553760529,0.5099547
e346iz9q,sample_55000,1000,"(16, 16, 16)",16,16,16,16,16,10,-0.00010267425,-0.012872685,-0.010933952,-0.006796535,0.0023303204,0.049891256,0.14389716,0.14394067,0.1514267,0.13847445,0.12945353984832764,0.12965860962867737,0.5103674
hx45s6js,sample_8000,1000,"(32, 32, 32)",32,32,32,32,32,10,0.00011854429,-0.0055924705,0.0015510756,0.00022447092,-0.001452651,0.049625594,0.10230062,0.10008726,0.10120277,0.10090457,0.10020382702350616,0.10953305661678314,0.38433474
853s153g,sample_12000,1000,"(32, 32, 32)",32,32,32,32,32,10,0.00011854429,-0.005582694,0.001564051,0.00021614571,-0.0014526459,0.049625594,0.102324896,0.100122206,0.10124917,0.10107927,0.10063103586435318,0.10982808470726013,0.3875286
aa3nmnpz,sample_25000,1000,"(32, 32, 32)",32,32,32,32,32,10,0.00011854429,-0.0055775815,0.0017391896,0.0002261324,-0.0014526064,0.049625594,0.10255043,0.10040306,0.101567514,0.10234845,0.10569042712450027,0.11282844841480255,0.40141982
zdqdqjb6,sample_32000,1000,"(32, 32, 32)",32,32,32,32,32,10,0.00011854429,-0.0055901674,0.0019107226,0.00022608496,-0.0014526255,0.049625594,0.10278055,0.10066876,0.10185463,0.103434555,0.11036071926355362,0.11557929217815399,0.41339785
uhkj4nww,sample_40000,1000,"(32, 32, 32)",32,32,32,32,32,10,0.00011854429,-0.0056160754,0.002227534,0.00028933183,-0.0014525844,0.049625594,0.103176825,0.101117104,0.10233714,0.10522245,0.11778528988361359,0.12001693248748779,0.43340722
c2h2o0w3,sample_47000,1000,"(32, 32, 32)",32,32,32,32,32,10,0.00011854429,-0.005653534,0.0026239832,0.00045756367,-0.0014525813,0.049625594,0.103711754,0.10170997,0.102979295,0.10753079,0.12703675031661987,0.12540203332901,0.45719928
pusqmpfj,sample_55000,1000,"(32, 32, 32)",32,32,32,32,32,10,0.00011854429,-0.005691686,0.0033124397,0.0008183534,-0.0014525574,0.049625594,0.1046432,0.10272677,0.10408344,0.11135262,0.14132612943649292,0.13377153873443604,0.49496597
oey5wqte,sample_8000,1000,"(64, 64, 64)",64,64,64,64,64,10,0.0002167176,-0.0008229037,0.0005715045,-0.0007262694,-0.0010954111,0.048647385,0.07157926,0.07279963,0.07207956,0.07026435,0.10601186752319336,0.11604698747396469,0.2580309
wbj3dfbl,sample_12000,1000,"(64, 64, 64)",64,64,64,64,64,10,0.0002167176,-0.0008124948,0.0006125615,-0.0007051942,-0.0010954067,0.048647385,0.07160513,0.07282597,0.07211234,0.07046358,0.10701927542686462,0.11689140647649765,0.26088864
3a6cv8py,sample_25000,1000,"(64, 64, 64)",64,64,64,64,64,10,0.0002167176,-0.0008125318,0.00088217796,-0.00058444485,-0.0010953925,0.048647385,0.07175377,0.072972834,0.072284795,0.07168805,0.11421965062618256,0.1217660903930664,0.2820115
7nlktvkn,sample_32000,1000,"(64, 64, 64)",64,64,64,64,64,10,0.0002167176,-0.0008166133,0.0011584216,-0.00046163786,-0.0010953943,0.048647385,0.07191481,0.073132165,0.07246934,0.07300508,0.12215956300497055,0.1268014758825302,0.30463532
3tczpxre,sample_40000,1000,"(64, 64, 64)",64,64,64,64,64,10,0.0002167176,-0.0008260674,0.0016458344,-0.00020160983,-0.001095385,0.048647385,0.07221938,0.07343411,0.07282324,0.07554685,0.1364692747592926,0.13557592034339905,0.34400344
pqwetfkn,sample_47000,1000,"(64, 64, 64)",64,64,64,64,64,10,0.0002167176,-0.000842783,0.0022890437,0.00022074967,-0.0010953745,0.048647385,0.07266266,0.07387584,0.07334575,0.07922417,0.15566642582416534,0.14687499403953552,0.39468092
d1gpsy56,sample_55000,1000,"(64, 64, 64)",64,64,64,64,64,10,0.0002167176,-0.000864779,0.003470752,0.0011588595,-0.0010953678,0.048647385,0.073579565,0.074785255,0.074414,0.086320095,0.18967044353485107,0.1662553995847702,0.4745902
fsmoliyt,sample_8000,1000,"(128, 128, 128)",128,128,128,128,128,10,0.00015313314,-0.00015443542,0.00013986178,0.00049476116,0.00046745426,0.04688255,0.051065847,0.051034916,0.0511754,0.050745312,0.10881265997886658,0.11563483625650406,0.23651227
c2ov2ko7,sample_12000,1000,"(128, 128, 128)",128,128,128,128,128,10,0.00015313314,-0.0001470618,0.00018281488,0.0005149707,0.00046745493,0.04688255,0.05108441,0.05105377,0.051193945,0.051011167,0.11143165826797485,0.11688145250082016,0.2430368
v2lh6e9i,sample_25000,1000,"(128, 128, 128)",128,128,128,128,128,10,0.00015313314,-9.807287e-05,0.0005139312,0.00067533983,0.00046746962,0.04688255,0.051236186,0.051208586,0.051351562,0.053206053,0.12934179604053497,0.12614068388938904,0.2950745
90a5adzw,sample_32000,1000,"(128, 128, 128)",128,128,128,128,128,10,0.00015313314,-6.15991e-05,0.0007865676,0.00083356816,0.00046747233,0.04688255,0.05137953,0.05135283,0.051501498,0.055173926,0.1438578963279724,0.13387170433998108,0.33729252
z4xhgosn,sample_40000,1000,"(128, 128, 128)",128,128,128,128,128,10,0.00015313314,5.5929137e-05,0.0016678702,0.0014456884,0.00046747347,0.04688255,0.051931042,0.051901873,0.0520782,0.06227105,0.18894459307193756,0.1581369936466217,0.4392045
55jyrmr6,sample_47000,1000,"(128, 128, 128)",128,128,128,128,128,10,0.00015313314,0.00018962001,0.0026975544,0.0022166718,0.00046748045,0.04688255,0.052714266,0.05266957,0.05288827,0.07115084,0.24071915447711945,0.1842767596244812,0.5055884
x2j8uj54,sample_55000,1000,"(128, 128, 128)",128,128,128,128,128,10,0.00015313314,0.00033062598,0.0037719542,0.0030238237,0.00046749105,0.04688255,0.053766396,0.053688493,0.053954944,0.08136691,0.29727107286453247,0.2123267948627472,0.5321312
ojxjtjbh,sample_8000,1000,"(256, 256, 256)",256,256,256,256,256,10,-0.00016147716,0.00011683949,0.00013363738,3.4525685e-05,0.00021031154,0.043866802,0.036122654,0.036089215,0.03608747,0.036044348,0.09398504346609116,0.10396545380353928,0.18279943
0mktulhy,sample_12000,1000,"(256, 256, 256)",256,256,256,256,256,10,-0.00016147716,0.00011507657,0.00017713543,6.145647e-05,0.00021031205,0.043866802,0.03613225,0.036098868,0.036097508,0.036318503,0.09727732092142105,0.10565415024757385,0.18918404
fi7pzxbw,sample_25000,1000,"(256, 256, 256)",256,256,256,256,256,10,-0.00016147716,9.931001e-05,0.00045145192,0.00024456796,0.00021031262,0.043866802,0.036210846,0.03617684,0.036179755,0.03852641,0.12028773874044418,0.11792214214801788,0.25640005
xgncsmi1,sample_32000,1000,"(256, 256, 256)",256,256,256,256,256,10,-0.00016147716,9.85715e-05,0.00045979477,0.00025102758,0.00021031298,0.043866802,0.036213797,0.036179744,0.03618274,0.03860292,0.12104657292366028,0.11832286417484283,0.2582522
af3kmf6p,sample_40000,1000,"(256, 256, 256)",256,256,256,256,256,10,-0.00016147716,3.2239528e-05,0.001574773,0.0011436226,0.00021031577,0.043866802,0.036798477,0.036746882,0.036777847,0.051768072,0.2262599915266037,0.1721656322479248,0.43330842
x8tu23yp,sample_47000,1000,"(256, 256, 256)",256,256,256,256,256,10,-0.00016147716,7.80878e-06,0.0020472896,0.001528085,0.0002103203,0.043866802,0.037203394,0.037137393,0.037181776,0.05901915,0.2749108374118805,0.19724306464195251,0.4505521
ore1njys,sample_55000,1000,"(256, 256, 256)",256,256,256,256,256,10,-0.00016147716,-1.1075748e-05,0.0023702742,0.0017736263,0.00021033436,0.043866802,0.037561215,0.037483,0.037537538,0.064747795,0.3087546229362488,0.2145242542028427,0.44355336
r05cxfy5,sample_8000,1000,"(512, 512, 512)",512,512,512,512,512,10,-0.0001251377,-1.5259146e-05,2.21242e-05,-3.3882416e-06,-3.520801e-05,0.039258275,0.025545668,0.025496945,0.025516246,0.02561269,0.08877362310886383,0.095878466963768,0.19149691
vfkj7uvc,sample_12000,1000,"(512, 512, 512)",512,512,512,512,512,10,-0.0001251377,-1.7399278e-05,6.12745e-05,2.4845856e-05,-3.5206227e-05,0.039258275,0.025552198,0.025503471,0.025523,0.02597977,0.09400054812431335,0.09871995449066162,0.20670313
wpnzp74q,sample_25000,1000,"(512, 512, 512)",512,512,512,512,512,10,-0.0001251377,-3.9709797e-05,0.00039985188,0.0002785623,-3.5206263e-05,0.039258275,0.025640154,0.025589278,0.02561236,0.030421406,0.14644241333007812,0.1267004907131195,0.34259304
gnv7gn34,sample_32000,1000,"(512, 512, 512)",512,512,512,512,511,10,-0.0001251377,-6.700751e-05,0.00072909135,0.00053512165,-3.5204528e-05,0.039258275,0.025780588,0.025724214,0.025752427,0.036244206,0.20429304242134094,0.1555173695087433,0.41953504
rszymm6q,sample_40000,1000,"(512, 512, 512)",512,512,511,512,511,10,-0.0001251377,-8.7198365e-05,0.0009858572,0.00073485344,-3.5197056e-05,0.039258275,0.025948573,0.025885591,0.025918683,0.042090375,0.2532278597354889,0.18015140295028687,0.43221763
cr4cb6jx,sample_47000,1000,"(512, 512, 512)",512,512,512,512,512,10,-0.0001251377,-9.6580436e-05,0.0011066655,0.0008269682,-3.5189696e-05,0.039258275,0.026052972,0.02598618,0.026021915,0.045343857,0.27649232745170593,0.19147232174873352,0.42489493
uj31tt7g,sample_55000,1000,"(512, 512, 512)",512,512,512,512,512,10,-0.0001251377,-0.00010155196,0.0011830793,0.00088535674,-3.5185785e-05,0.039258275,0.026137387,0.026068015,0.026105557,0.047816966,0.2912026643753052,0.1984458714723587,0.41745102
qvei3gi1,sample_8000,1000,"(1024, 1024, 1024)",1024,784,1024,1023,1024,10,1.03533275e-05,1.4399172e-05,2.4654733e-05,2.0320993e-05,-0.00027153335,0.033279214,0.018042387,0.018054426,0.018039249,0.018395547,0.07829335331916809,0.082180455327034,0.19291477
r7l56ncf,sample_12000,1000,"(1024, 1024, 1024)",1024,784,1024,1023,1024,10,1.03533275e-05,1.6019696e-05,5.5760127e-05,4.4000033e-05,-0.0002715325,0.033279214,0.0180467,0.018058702,0.018043632,0.018853635,0.08635222911834717,0.0864381492137909,0.22591394
p45va14u,sample_25000,1000,"(1024, 1024, 1024)",1024,784,1024,1023,1024,10,1.03533275e-05,2.9015584e-05,0.0003075394,0.00023563838,-0.00027153268,0.033279214,0.018112108,0.018122073,0.018108899,0.024674786,0.16114240884780884,0.12552061676979065,0.40231413
m56l3fw0,sample_32000,1000,"(1024, 1024, 1024)",1024,784,1024,1023,1024,10,1.03533275e-05,3.616877e-05,0.00043554403,0.00033311592,-0.00027152878,0.033279214,0.01816908,0.018176802,0.018165154,0.02873406,0.20197901129722595,0.14614799618721008,0.4257489
l4wjx7kz,sample_40000,1000,"(1024, 1024, 1024)",1024,784,1023,1023,1023,10,1.03533275e-05,4.0476e-05,0.0005041929,0.0003864556,-0.0002715243,0.033279214,0.01821201,0.018218173,0.018207496,0.031441014,0.22472450137138367,0.15734733641147614,0.42116773
65m5xcb6,sample_47000,1000,"(1024, 1024, 1024)",1024,784,1023,1023,1023,10,1.03533275e-05,4.2358017e-05,0.0005362085,0.0004107651,-0.00027152072,0.033279214,0.018238377,0.01824375,0.018233612,0.03299717,0.23521310091018677,0.16250395774841309,0.41578066
jnnn388u,sample_55000,1000,"(1024, 1024, 1024)",1024,784,1023,1023,1024,10,1.03533275e-05,4.361544e-05,0.0005578633,0.00042587638,-0.0002715177,0.033279214,0.018260775,0.018265586,0.018255897,0.034266163,0.24186350405216217,0.1658155918121338,0.4111362
yjxedm6u,sample_8000,1000,"(1024, 1024, 1024)",1024,784,1024,1023,1024,10,1.6459173e-05,-6.8218736e-07,1.0765179e-05,4.030715e-05,1.1796993e-05,0.033252895,0.018024422,0.018034885,0.018043565,0.018235449,0.0782938003540039,0.08197160065174103,0.18074498
uss5jndb,sample_12000,1000,"(1024, 1024, 1024)",1024,784,1024,1023,1023,10,1.6459173e-05,-1.8096117e-06,2.8810588e-05,5.3382413e-05,1.1797956e-05,0.033252895,0.018026901,0.018037362,0.018046072,0.018503496,0.08324429392814636,0.08457257598638535,0.20115885
sscr1tmw,sample_25000,1000,"(1024, 1024, 1024)",1024,784,1023,1023,1024,10,1.6459173e-05,-1.5139211e-05,0.00028056884,0.00023426789,1.1799042e-05,0.033252895,0.018088805,0.018097624,0.018107887,0.024146954,0.1596015989780426,0.12422773241996765,0.39784315
gaodvqn9,sample_32000,1000,"(1024, 1024, 1024)",1024,784,1023,1023,1024,10,1.6459173e-05,-2.1892769e-05,0.00041713967,0.0003376259,1.1800311e-05,0.033252895,0.018147057,0.018153666,0.01816536,0.028374981,0.20438945293426514,0.14657452702522278,0.43079498
7h96o0h8,sample_40000,1000,"(1024, 1024, 1024)",1024,784,1023,1023,1024,10,1.6459173e-05,-2.5922538e-05,0.00049036334,0.00039289877,1.1804793e-05,0.033252895,0.018191047,0.0181961,0.01820874,0.031181216,0.22913120687007904,0.15863561630249023,0.43101186
b2vsykoe,sample_47000,1000,"(1024, 1024, 1024)",1024,784,1024,1023,1024,10,1.6459173e-05,-2.781232e-05,0.00052384805,0.00041810743,1.180775e-05,0.033252895,0.018217567,0.018221822,0.01823496,0.03275792,0.24037452042102814,0.16397641599178314,0.42649883
m7e58hb1,sample_55000,1000,"(1024, 1024, 1024)",1024,784,1024,1023,1024,10,1.6459173e-05,-2.9378925e-05,0.00054392,0.00043283938,1.18123135e-05,0.033252895,0.01823973,0.018243486,0.018256987,0.034020603,0.24704834818840027,0.16733461618423462,0.42241108
fi741oa2,sample_8000,1000,"(1024, 1024, 1024)",1024,784,1024,1024,1024,10,-2.3789193e-05,-2.1735174e-05,6.8045665e-06,6.4517067e-06,0.00025794012,0.033253986,0.018040298,0.018046577,0.018033477,0.018233784,0.07628867030143738,0.08180974423885345,0.16877839
md2mdy81,sample_12000,1000,"(1024, 1024, 1024)",1024,784,1024,1024,1024,10,-2.3789193e-05,-2.2796035e-05,3.210569e-05,2.5546819e-05,0.0002579399,0.033253986,0.018043457,0.018049724,0.018036682,0.018570337,0.08259718120098114,0.08509454131126404,0.19283792
0zt0oluq,sample_25000,1000,"(1024, 1024, 1024)",1024,784,1023,1024,1024,10,-2.3789193e-05,-3.105575e-05,0.0002521319,0.00018959554,0.00025794067,0.033253986,0.01809419,0.01809906,0.018087368,0.023272179,0.1475478708744049,0.118494912981987,0.37251228
wqqzjzm7,sample_32000,1000,"(1024, 1024, 1024)",1024,784,1023,1023,1024,10,-2.3789193e-05,-3.6279645e-05,0.00040287105,0.00030726267,0.00025794207,0.033253986,0.018154545,0.018157126,0.018147023,0.027783226,0.1965378224849701,0.14272257685661316,0.41599017
qwy2xr92,sample_40000,1000,"(1024, 1024, 1024)",1024,784,1023,1023,1024,10,-2.3789193e-05,-3.8936152e-05,0.00048953213,0.00037389644,0.000257946,0.033253986,0.018204972,0.01820572,0.018196803,0.031036548,0.22595807909965515,0.15707683563232422,0.4121578
nd5dekwb,sample_47000,1000,"(1024, 1024, 1024)",1024,784,1024,1023,1024,10,-2.3789193e-05,-4.046902e-05,0.00052727654,0.00040311375,0.00025794966,0.033253986,0.018234137,0.018233983,0.01822567,0.032773368,0.23903775215148926,0.16324970126152039,0.40545458
jssgrj06,sample_55000,1000,"(1024, 1024, 1024)",1024,784,1024,1023,1024,10,-2.3789193e-05,-4.1654333e-05,0.0005511474,0.00042181305,0.00025795324,0.033253986,0.018257737,0.018256985,0.018249122,0.0341171,0.24739253520965576,0.1671750247478485,0.40035778
