run_id,run_name,sample_size,layer_structure,rank_0,rank_1,rank_2,rank_3,rank_4,weight_mean_0,weight_mean_1,weight_mean_2,weight_mean_3,weight_mean_4,weight_std_0,weight_std_1,weight_std_2,weight_std_3,weight_std_4,activation_mean_global,activation_std_global,pca_explained_var
551r3zpe,sample_12000,1000,"(8, 8, 8, 8)",8,8,8,8,8,-0.00023305083,0.031664494,0.0034146383,-0.0006638956,-0.01987152,0.020507725,0.2180103,0.1926318,0.20403983,0.21950376,0.07736845314502716,0.09636090695858002,0.49985927
c3s6vkyz,sample_25000,1000,"(8, 8, 8, 8)",8,8,8,8,8,-0.00023196521,0.031662334,0.0033760238,-0.0006971862,-0.019871514,0.020507818,0.21801196,0.19263934,0.20403557,0.21942265,0.07782287895679474,0.09644316881895065,0.5038969
5nojli57,sample_32000,1000,"(8, 8, 8, 8)",8,8,8,8,8,-0.00023048333,0.031661667,0.003357742,-0.00071911095,-0.019871514,0.020507982,0.2180137,0.19264372,0.20403267,0.21937515,0.07821562141180038,0.09660680592060089,0.5053718
fk2ih70d,sample_40000,1000,"(8, 8, 8, 8)",8,8,8,8,8,-0.00022700975,0.031660527,0.0033331644,-0.0007500821,-0.019871514,0.020508384,0.21801767,0.19264665,0.20402348,0.21930909,0.07900109887123108,0.09693242609500885,0.50833386
6yb4yius,sample_47000,1000,"(8, 8, 8, 8)",8,8,8,8,8,-0.00022355095,0.031661425,0.0033171251,-0.0007613967,-0.019871518,0.020508789,0.21802121,0.19265577,0.2040285,0.21928644,0.07980083674192429,0.09729194641113281,0.5102372
rnlr7ydo,sample_55000,1000,"(8, 8, 8, 8)",8,8,8,8,8,-0.00021859203,0.03166388,0.0033000484,-0.0007680091,-0.01987151,0.02050941,0.21802637,0.19267029,0.20404032,0.2192761,0.0808558315038681,0.09779983013868332,0.5124429
nz3yxrt9,sample_8000,1000,"(16, 16, 16, 16)",16,16,16,16,10,0.00011417637,0.0006556711,-0.0037911679,0.0070424452,-0.0009283122,0.020608181,0.15072459,0.1452419,0.14661956,0.14568156,0.07944945991039276,0.08938686549663544,0.34185797
rydtoseq,sample_12000,1000,"(16, 16, 16, 16)",16,16,16,16,10,0.00011400177,0.00065663084,-0.0037910473,0.0070393933,-0.0009283122,0.02060818,0.15072465,0.14524312,0.14661905,0.14568315,0.07944095134735107,0.08936978876590729,0.340326
9svcbqa0,sample_25000,1000,"(16, 16, 16, 16)",16,16,16,16,10,0.00011436757,0.00066136196,-0.0037840668,0.007033808,-0.0009283118,0.020608414,0.15072636,0.14525074,0.14662227,0.14568579,0.07965555787086487,0.0894400030374527,0.33873338
i434vpry,sample_32000,1000,"(16, 16, 16, 16)",16,16,16,16,10,0.00011598762,0.00066525745,-0.003780647,0.007034288,-0.000928311,0.020608706,0.15072845,0.14525655,0.14662525,0.14569224,0.08004507422447205,0.08962353318929672,0.33898652
vdhdht23,sample_40000,1000,"(16, 16, 16, 16)",16,16,16,16,10,0.000117759526,0.0006692966,-0.0037729905,0.0070405276,-0.00092830916,0.020609098,0.15073119,0.14526352,0.14662999,0.14570375,0.08053560554981232,0.08986243605613708,0.33991832
jgl20px3,sample_47000,1000,"(16, 16, 16, 16)",16,16,16,16,10,0.0013151244,0.003971487,0.00044101913,0.00939615,-0.0009283155,0.021210052,0.1550425,0.15042835,0.1522417,0.15653376,0.37808459997177124,0.23418976366519928,0.80201393
2wtxg83d,sample_55000,1000,"(16, 16, 16, 16)",16,16,16,16,10,0.0009519133,0.0024812757,-0.0011453612,0.007739867,-0.0009282265,0.020945882,0.15315215,0.14824098,0.14992748,0.15176539,0.28774964809417725,0.18942812085151672,0.7319344
sxp2lpv7,sample_8000,1000,"(32, 32, 32, 32)",32,32,32,32,10,0.00012430949,0.00113529,0.004581504,0.005550175,0.0021843906,0.020595059,0.100937046,0.100828946,0.10176093,0.102834396,0.08004544675350189,0.09160605818033218,0.26221645
mlivjy44,sample_12000,1000,"(32, 32, 32, 32)",32,32,32,32,10,0.00012394403,0.0011345254,0.004580936,0.0055457884,0.002184391,0.02059508,0.10093712,0.10082879,0.10176043,0.102829576,0.0800098329782486,0.09156245738267899,0.26236418
0nwipznd,sample_25000,1000,"(32, 32, 32, 32)",32,32,32,32,10,0.00012295127,0.0011331004,0.004579854,0.0055364757,0.002184394,0.020595169,0.1009375,0.10082884,0.101759374,0.10281632,0.0799095630645752,0.09144812077283859,0.26313078
1927kwys,sample_32000,1000,"(32, 32, 32, 32)",32,32,32,32,10,0.00012277474,0.0011329111,0.0045802523,0.0055321367,0.0021843952,0.020595247,0.10093786,0.100829124,0.10175946,0.10280985,0.07992421835660934,0.09142860770225525,0.26371306
bw68m985,sample_40000,1000,"(32, 32, 32, 32)",32,32,32,32,10,0.00012258114,0.0011325656,0.0045800232,0.0055282684,0.002184398,0.020595344,0.100938335,0.10082959,0.101759404,0.10280676,0.07995773106813431,0.09141235798597336,0.2643075
wvar36ob,sample_47000,1000,"(32, 32, 32, 32)",32,32,32,32,10,0.00017334476,0.0011791714,0.0046013007,0.0055604223,0.0021845018,0.020609803,0.10101205,0.100903355,0.101826556,0.10294235,0.09353361278772354,0.09806963801383972,0.32820052
z0ziep3t,sample_55000,1000,"(32, 32, 32, 32)",32,32,32,32,10,0.00017098215,0.0011770858,0.004602543,0.0055615082,0.002184489,0.020609237,0.101009145,0.10090003,0.101824634,0.10293009,0.09291946887969971,0.09775762259960175,0.3268133
ogoqo3yo,sample_8000,1000,"(64, 64, 64, 64)",64,64,64,64,10,2.7669143e-05,0.0016975887,-0.0010457914,-0.00035219628,-0.0032031438,0.020576159,0.072000496,0.07124102,0.071675114,0.07169898,0.078192338347435,0.08569850772619247,0.21236446
0puoim1h,sample_12000,1000,"(64, 64, 64, 64)",64,64,64,64,10,2.8397226e-05,0.0016965554,-0.0010448591,-0.00035496856,-0.0032031448,0.020576198,0.07200062,0.07124091,0.071675226,0.071695566,0.07825297117233276,0.0857655331492424,0.21226977
qo809qu5,sample_25000,1000,"(64, 64, 64, 64)",64,64,64,64,10,2.7691842e-05,0.0016972363,-0.0010459402,-0.00035150256,-0.0032031438,0.020576162,0.07200062,0.07124112,0.07167498,0.07169925,0.07834011316299438,0.08569346368312836,0.21223466
v7tqdi79,sample_32000,1000,"(64, 64, 64, 64)",64,64,64,64,10,2.7785241e-05,0.0016961747,-0.0010443139,-0.0003511252,-0.003203141,0.020576127,0.07200046,0.071240865,0.071675226,0.07170248,0.07825355976819992,0.08570736646652222,0.21178806
lbtttc4n,sample_40000,1000,"(64, 64, 64, 64)",64,64,64,64,10,2.7742588e-05,0.0016964419,-0.0010453041,-0.00034991128,-0.0032031399,0.020576155,0.072000645,0.071241125,0.07167529,0.07170437,0.07839420437812805,0.08570128679275513,0.212259
2hroml7v,sample_47000,1000,"(64, 64, 64, 64)",64,64,64,64,10,2.7971737e-05,0.0016972979,-0.001046109,-0.00034862888,-0.00320314,0.020576224,0.07200093,0.07124152,0.071675375,0.07170667,0.07854632288217545,0.0857294499874115,0.21269539
6ceylef3,sample_55000,1000,"(64, 64, 64, 64)",64,64,64,64,10,2.8512759e-05,0.0016986651,-0.0010462657,-0.00034601256,-0.0032031448,0.02057635,0.0720014,0.07124225,0.07167578,0.07171366,0.07877529412508011,0.08579722791910172,0.21352893
58qz75lr,sample_8000,1000,"(128, 128, 128, 128)",128,128,128,128,10,2.1660706e-05,0.0001516527,0.00085865846,-0.00043145995,-0.00018143775,0.020587457,0.051229287,0.050905652,0.051358894,0.050572015,0.07967822253704071,0.08693823963403702,0.1793977
9bf64nea,sample_12000,1000,"(128, 128, 128, 128)",128,128,128,128,10,2.1536205e-05,0.00015167928,0.0008588496,-0.00043133085,-0.00018143775,0.02058746,0.05122929,0.05090564,0.051358912,0.050572235,0.0796666294336319,0.08692435175180435,0.17940766
8loai2xs,sample_25000,1000,"(128, 128, 128, 128)",128,128,128,128,10,2.1372241e-05,0.00015212005,0.0008597154,-0.00043094612,-0.00018143756,0.020587493,0.051229373,0.05090569,0.05135909,0.05057373,0.07967427372932434,0.08689956367015839,0.17956516
o6qrrccy,sample_32000,1000,"(128, 128, 128, 128)",128,128,128,128,10,2.146932e-05,0.00015253718,0.0008602666,-0.00043052857,-0.0001814372,0.02058753,0.051229466,0.050905753,0.051359218,0.050575808,0.07971878349781036,0.08690416067838669,0.17972004
i2i1q6wq,sample_40000,1000,"(128, 128, 128, 128)",128,128,128,128,10,2.154364e-05,0.00015299676,0.0008607594,-0.00043073756,-0.00018143775,0.020587571,0.051229566,0.05090584,0.051359333,0.05057571,0.07976265251636505,0.08690802752971649,0.1799365
ix6w1d0l,sample_47000,1000,"(128, 128, 128, 128)",128,128,128,128,10,2.1672573e-05,0.0001534821,0.00086132705,-0.0004306675,-0.00018143756,0.020587618,0.051229686,0.050905943,0.05135949,0.050576538,0.07981356978416443,0.08691832423210144,0.18013164
m9iauped,sample_55000,1000,"(128, 128, 128, 128)",128,128,128,128,10,2.1892543e-05,0.00015409388,0.0008621325,-0.00043025793,-0.0001814372,0.020587685,0.051229846,0.050906077,0.05135971,0.050579466,0.07988810539245605,0.08693599700927734,0.18044987
88w4k9ag,sample_8000,1000,"(256, 256, 256, 256)",256,256,256,256,10,5.481617e-05,-0.0001905988,3.893463e-05,0.00020361689,0.001757329,0.020617176,0.03611089,0.036086783,0.036019668,0.03666876,0.0771634429693222,0.08645693957805634,0.17794555
5nwtx7bd,sample_12000,1000,"(256, 256, 256, 256)",256,256,256,256,10,5.4772107e-05,-0.00019057484,3.8909624e-05,0.00020371245,0.0017573291,0.020617176,0.03611089,0.036086787,0.03601968,0.036669277,0.07715782523155212,0.08645191788673401,0.17792717
v4rh8zy4,sample_25000,1000,"(256, 256, 256, 256)",256,256,256,256,10,5.4676526e-05,-0.00019045078,3.8810434e-05,0.00020389978,0.0017573293,0.020617181,0.036110897,0.03608681,0.036019705,0.03667034,0.07714799046516418,0.086441770195961,0.17792448
fstncix4,sample_32000,1000,"(256, 256, 256, 256)",256,256,256,256,10,5.4650987e-05,-0.00019032028,3.878065e-05,0.00020396253,0.0017573297,0.020617187,0.036110908,0.03608683,0.036019728,0.036671218,0.0771481990814209,0.08643953502178192,0.17792806
vq6fjnbg,sample_40000,1000,"(256, 256, 256, 256)",256,256,256,256,10,6.5434564e-05,-0.0001741877,4.500244e-05,0.00021031364,0.0017573327,0.020618819,0.036113895,0.036090117,0.03602321,0.036777157,0.07950912415981293,0.0876382440328598,0.18617979
4n1y5n44,sample_47000,1000,"(256, 256, 256, 256)",256,256,256,256,10,7.0414586e-05,-0.00016779611,4.78842e-05,0.00021236521,0.0017573346,0.020619515,0.03611518,0.036091473,0.03602462,0.036817,0.08056281507015228,0.08818793296813965,0.18993634
54f5h0kb,sample_55000,1000,"(256, 256, 256, 256)",256,256,256,256,10,6.9443704e-05,-0.00016902076,4.7299192e-05,0.00021185237,0.0017573347,0.020619387,0.036114946,0.03609122,0.03602434,0.036808763,0.08035381138324738,0.08808380365371704,0.18930659
nke6iwrs,sample_8000,1000,"(512, 512, 512, 512)",512,512,512,512,10,3.847159e-05,2.4776138e-05,-1.7736076e-05,-6.670128e-05,0.0004351427,0.020618161,0.025509674,0.025503,0.02552496,0.025539158,0.07835792750120163,0.08746206760406494,0.17344368
jgpv2tse,sample_12000,1000,"(512, 512, 512, 512)",512,512,512,512,10,3.8490674e-05,2.4808156e-05,-1.7707835e-05,-6.673931e-05,0.00043514278,0.020618161,0.025509676,0.025503006,0.025524966,0.025539061,0.07836201786994934,0.08746377378702164,0.17344505
ic3kuupf,sample_25000,1000,"(512, 512, 512, 512)",512,512,512,512,10,3.8598682e-05,2.4920328e-05,-1.7604327e-05,-6.681695e-05,0.00043514307,0.020618172,0.025509685,0.025503019,0.025524987,0.02553936,0.07838357239961624,0.08747400343418121,0.17348231
uorkixei,sample_32000,1000,"(512, 512, 512, 512)",512,512,512,512,10,4.5488094e-05,3.2063082e-05,-1.1861212e-05,-6.55442e-05,0.00043514735,0.020618934,0.025510632,0.025504049,0.025526144,0.025597157,0.07969939708709717,0.08818924427032471,0.17737198
7qzqazcb,sample_40000,1000,"(512, 512, 512, 512)",512,512,512,512,10,4.9493814e-05,3.6160087e-05,-8.901197e-06,-6.4392e-05,0.00043514604,0.020619385,0.025511201,0.025504658,0.025526794,0.025631702,0.08047018945217133,0.08860810101032257,0.17981416
2xo7repf,sample_47000,1000,"(512, 512, 512, 512)",512,512,512,512,10,0.00058692036,0.0012743673,0.0010733965,0.00087893667,0.0004354844,0.021677699,0.026801212,0.026809808,0.026853248,0.06577594,0.26496365666389465,0.19887889921665192,0.3609466
nq6gzr2u,sample_55000,1000,"(512, 512, 512, 512)",512,512,512,512,10,0.00057921186,0.0012843474,0.001075048,0.0008809047,0.00043546315,0.021696521,0.026823495,0.026832364,0.02687573,0.06625098,0.2634674310684204,0.19908824563026428,0.3584293
qgr5lblg,sample_8000,1000,"(1024, 1024, 1024, 1024)",784,1024,1024,1023,10,2.5629532e-05,-8.349048e-06,2.0720132e-05,-1.2196388e-05,0.0003942942,0.020614412,0.018047126,0.018053012,0.01804134,0.01811616,0.07617064565420151,0.08591906726360321,0.16742283
xwkhyrl8,sample_12000,1000,"(1024, 1024, 1024, 1024)",784,1024,1024,1023,10,2.6089456e-05,-7.671332e-06,2.1060456e-05,-1.2083384e-05,0.00039429433,0.02061447,0.018047176,0.018053064,0.018041393,0.018122397,0.07626745104789734,0.08597266674041748,0.16769978
zr4984sn,sample_25000,1000,"(1024, 1024, 1024, 1024)",784,1024,1024,1023,10,2.6804713e-05,-6.685938e-06,2.1612084e-05,-1.1862298e-05,0.00039429474,0.02061456,0.01804726,0.018053144,0.018041484,0.018132415,0.07641654461622238,0.08605467528104782,0.16817427
1gwgjy54,sample_32000,1000,"(1024, 1024, 1024, 1024)",784,1024,1024,1023,10,2.6679774e-05,-6.8508457e-06,2.1510827e-05,-1.191076e-05,0.0003942946,0.02061455,0.018047247,0.01805313,0.018041471,0.01813064,0.07638808339834213,0.08604058623313904,0.16810632
l3jhl1d1,sample_40000,1000,"(1024, 1024, 1024, 1024)",784,1023,1024,1023,10,0.00039411386,0.0006299688,0.00055913645,0.00044199644,0.00039448246,0.02116165,0.018517986,0.018528048,0.018523995,0.046735678,0.19024625420570374,0.15782427787780762,0.3014216
j3pkg2ej,sample_47000,1000,"(1024, 1024, 1024, 1024)",784,1023,1023,1023,10,0.0003918735,0.0006262595,0.000559333,0.00044249048,0.00039448068,0.021164062,0.018520132,0.018529965,0.01852583,0.04680806,0.19027745723724365,0.15803101658821106,0.3013422
zk169z3v,sample_55000,1000,"(1024, 1024, 1024, 1024)",784,1023,1024,1023,10,0.00039934253,0.00062363205,0.000553409,0.00043683976,0.00039445347,0.021138689,0.018498294,0.018508336,0.018504238,0.045923438,0.1906706988811493,0.15772795677185059,0.30635986
478u0oj5,sample_8000,1000,"(8, 8, 8, 8)",8,8,8,8,8,-0.00012708065,0.02251086,0.019646265,-0.03755371,0.015283567,0.020661324,0.19187804,0.19658875,0.19373882,0.18472311,0.05713135749101639,0.07074365019798279,0.6095728
cidnb1xl,sample_12000,1000,"(8, 8, 8, 8)",8,8,8,8,8,-0.00012663328,0.02251136,0.019653115,-0.037577134,0.015283564,0.020661267,0.19187725,0.19658804,0.19374557,0.18470643,0.057014551013708115,0.07078036665916443,0.60711354
ar003wcd,sample_25000,1000,"(8, 8, 8, 8)",8,8,8,8,8,-0.00012365908,0.022515208,0.019671198,-0.03764849,0.01528356,0.020661358,0.19187737,0.19659144,0.19377117,0.1846625,0.05698426067829132,0.07107098400592804,0.60003936
hftlfsdc,sample_32000,1000,"(8, 8, 8, 8)",8,8,8,8,8,-0.00012207904,0.022516333,0.019679703,-0.037682,0.015283564,0.020661369,0.1918772,0.19659244,0.19378161,0.18464178,0.05693548172712326,0.07124540209770203,0.595446
el1xxdqc,sample_40000,1000,"(8, 8, 8, 8)",8,8,8,8,8,-0.00011953584,0.022518588,0.019690229,-0.037730895,0.01528356,0.020661518,0.19187829,0.19659384,0.19379261,0.1846136,0.05700935423374176,0.07150670886039734,0.5906603
ux1c6rn0,sample_47000,1000,"(8, 8, 8, 8)",8,8,8,8,8,-0.000117164294,0.022520512,0.01970047,-0.037764203,0.01528356,0.020661687,0.19187959,0.19659445,0.19380373,0.1845941,0.05711115896701813,0.07175125181674957,0.58651036
mzd3ogi9,sample_55000,1000,"(8, 8, 8, 8)",8,8,8,8,8,-0.000114237475,0.022522585,0.019713655,-0.037817158,0.01528356,0.020661881,0.19188112,0.19659634,0.19381909,0.18456557,0.05723939463496208,0.07206697762012482,0.58109033
2tt1djna,sample_8000,1000,"(16, 16, 16, 16)",16,16,16,16,10,-0.00010493289,0.008561647,0.0076245684,0.013439793,-0.0057288115,0.020657048,0.14131746,0.1484786,0.15227579,0.1379686,0.05737975239753723,0.06476905941963196,0.4403865
egg6rp7v,sample_12000,1000,"(16, 16, 16, 16)",16,16,16,16,10,-0.00010613075,0.008559022,0.007620873,0.013433763,-0.005728812,0.020656887,0.14131647,0.14847772,0.15227431,0.1379649,0.057247377932071686,0.06461382657289505,0.43999383
uejq1hjb,sample_25000,1000,"(16, 16, 16, 16)",16,16,16,16,10,-0.00010943449,0.008551696,0.0076101045,0.013418255,-0.0057288124,0.020656485,0.14131407,0.14847465,0.15226915,0.13795458,0.056933045387268066,0.06417511403560638,0.43963552
x72sqmq8,sample_32000,1000,"(16, 16, 16, 16)",16,16,16,16,10,-0.000111059875,0.00854836,0.0076057008,0.013409795,-0.00572881,0.020656316,0.14131308,0.14847384,0.1522677,0.13794987,0.05680951103568077,0.06396102160215378,0.43974328
ndj0fds5,sample_40000,1000,"(16, 16, 16, 16)",16,16,16,16,10,-0.00011263843,0.008544786,0.0075995764,0.013397803,-0.005728811,0.020656168,0.14131221,0.14847246,0.15226531,0.13794282,0.05670543015003204,0.06375476717948914,0.4401002
ib2grjd0,sample_47000,1000,"(16, 16, 16, 16)",16,16,16,16,10,-0.00011375147,0.008542433,0.0075968653,0.013390113,-0.0057288087,0.020656085,0.14131175,0.1484723,0.15226482,0.13794033,0.05666586756706238,0.06361085176467896,0.4403128
tnh1ahcx,sample_55000,1000,"(16, 16, 16, 16)",16,16,16,16,10,-0.000115077884,0.008538575,0.007591583,0.013380332,-0.0057288073,0.020655988,0.14131127,0.14847049,0.15226175,0.13793461,0.05658657103776932,0.0634535551071167,0.440473
2da1l6ps,sample_8000,1000,"(32, 32, 32, 32)",32,32,32,32,10,-1.0676856e-05,0.0034377773,-0.00082007074,-0.0017129079,-0.004342607,0.020646272,0.0991511,0.10523166,0.10202614,0.102358446,0.07094042748212814,0.07241921126842499,0.3155239
vdjy34fo,sample_12000,1000,"(32, 32, 32, 32)",32,32,32,32,10,-1.0691971e-05,0.0034373472,-0.00081995456,-0.0017120845,-0.004342606,0.020646282,0.099151194,0.10523149,0.10202617,0.1023603,0.07092255353927612,0.07240820676088333,0.31564066
z3f1yenv,sample_25000,1000,"(32, 32, 32, 32)",32,32,32,32,10,-1.0058564e-05,0.003436467,-0.0008181827,-0.0017090114,-0.004342601,0.020646367,0.099151745,0.1052313,0.10202708,0.10236775,0.07096284627914429,0.07243718206882477,0.31631458
at5qajf8,sample_32000,1000,"(32, 32, 32, 32)",32,32,32,32,10,-9.919151e-06,0.0034357377,-0.0008176989,-0.0017089242,-0.0043426002,0.020646412,0.099152036,0.10523112,0.10202729,0.10236906,0.07095988094806671,0.0724446177482605,0.31659502
h78d9ltf,sample_40000,1000,"(32, 32, 32, 32)",32,32,32,32,10,-9.461368e-06,0.0034356092,-0.0008172651,-0.0017076833,-0.0043425984,0.020646472,0.099152416,0.10523111,0.10202747,0.10237176,0.07101540267467499,0.07247695326805115,0.31686842
vsnzb25k,sample_47000,1000,"(32, 32, 32, 32)",32,32,32,32,10,-8.923982e-06,0.003435283,-0.00081629574,-0.0017073513,-0.0043425974,0.020646553,0.0991529,0.10523108,0.102028064,0.102373675,0.07108410447835922,0.07252198457717896,0.31741548
cwm4noye,sample_55000,1000,"(32, 32, 32, 32)",32,32,32,32,10,-8.0064665e-06,0.0034353058,-0.00081457733,-0.0017058915,-0.0043425965,0.020646678,0.099153586,0.10523131,0.10202917,0.102377154,0.07119962573051453,0.07260842621326447,0.3177272
6z8czbc8,sample_8000,1000,"(64, 64, 64, 64)",64,64,64,64,10,4.6473608e-05,0.00061308325,0.0013827176,-0.0006788791,0.00021044053,0.020620106,0.072284915,0.07175817,0.07223572,0.07072274,0.08384895324707031,0.08041613548994064,0.23900668
0fjtdhk7,sample_12000,1000,"(64, 64, 64, 64)",64,64,64,64,10,4.8392438e-05,0.0006141826,0.0013840119,-0.00067751243,0.00021044146,0.020620273,0.07228553,0.0717589,0.072236404,0.070728995,0.08423013985157013,0.08059062063694,0.23984101
c2oow0m7,sample_25000,1000,"(64, 64, 64, 64)",64,64,64,64,10,5.2908763e-05,0.0006170713,0.0013879158,-0.00067832955,0.00021044519,0.02062095,0.072287895,0.071761556,0.072239205,0.07074408,0.08524466305971146,0.08107851445674896,0.24205583
plpccnac,sample_32000,1000,"(64, 64, 64, 64)",64,64,64,64,10,5.535634e-05,0.00061777316,0.001390024,-0.00067821,0.00021044184,0.020621354,0.07228932,0.071762726,0.07224033,0.070752054,0.08577363193035126,0.08134625852108002,0.24348521
w9cukoqy,sample_40000,1000,"(64, 64, 64, 64)",64,64,64,64,10,5.5177337e-05,0.0006174894,0.0013899141,-0.00067713915,0.0002104463,0.020621339,0.07228925,0.071762696,0.072240196,0.07075121,0.08571124821901321,0.08134153485298157,0.24350363
lsarv3y9,sample_47000,1000,"(64, 64, 64, 64)",64,64,64,64,10,6.123788e-05,0.0006200078,0.0013966575,-0.00067662913,0.00021044724,0.020622434,0.07229312,0.071766496,0.07224401,0.070777036,0.08708710968494415,0.08204282820224762,0.24780291
aaro769v,sample_55000,1000,"(64, 64, 64, 64)",64,64,64,64,10,5.6051973e-05,0.00061741367,0.0013906807,-0.0006782989,0.000210445,0.020621516,0.072289884,0.07176318,0.07224061,0.07075369,0.08591468632221222,0.08144890516996384,0.24422488
vbdi3ixz,sample_8000,1000,"(128, 128, 128, 128)",128,128,128,128,10,9.024466e-06,0.00079301273,-0.000121369085,-0.00037682016,-0.0020959682,0.02057598,0.051298328,0.05094648,0.051009916,0.051487464,0.07766305655241013,0.08099968731403351,0.19570968
13kea409,sample_12000,1000,"(128, 128, 128, 128)",128,128,128,128,10,1.2749696e-05,0.0007947361,-0.00012404856,-0.00038083718,-0.0020959643,0.020576302,0.051299058,0.05094713,0.05101044,0.051497366,0.07831532508134842,0.08123679459095001,0.198919
k9c2my76,sample_25000,1000,"(128, 128, 128, 128)",128,128,128,128,10,1.21622625e-05,0.0007941077,-0.000124426,-0.00038073008,-0.0020959645,0.02057623,0.0512989,0.05094693,0.0510102,0.051493514,0.07818947732448578,0.08119224011898041,0.19823986
cqpyvjul,sample_32000,1000,"(128, 128, 128, 128)",128,128,128,128,10,1.3752129e-05,0.00079523993,-0.00012465913,-0.00038097656,-0.0020959657,0.020576412,0.051299315,0.05094737,0.051010665,0.051500242,0.07848837971687317,0.08132265508174896,0.19944656
llt2vild,sample_40000,1000,"(128, 128, 128, 128)",128,128,128,128,10,1.2510494e-05,0.00079445087,-0.0001245026,-0.00038048864,-0.0020959645,0.02057628,0.05129901,0.050947048,0.05101031,0.051495813,0.07826635986566544,0.08122020959854126,0.19853574
bwalt1v4,sample_47000,1000,"(128, 128, 128, 128)",128,128,128,128,10,5.0245493e-05,0.00082694367,-0.00011355494,-0.00037240493,-0.0020959575,0.020581612,0.051311538,0.05096023,0.051024444,0.05170013,0.08563359081745148,0.08506926149129868,0.22757538
1fd9c9jt,sample_55000,1000,"(128, 128, 128, 128)",128,128,128,128,10,5.0703853e-05,0.0008274169,-0.00011346649,-0.00037197763,-0.0020959587,0.020581676,0.051311687,0.050960377,0.051024605,0.051704153,0.08568411320447922,0.08512626588344574,0.22787125
lqkwn22w,sample_8000,1000,"(256, 256, 256, 256)",256,256,256,256,10,3.516149e-05,-4.607639e-05,9.3686074e-05,-0.000117355194,0.00085486437,0.020592466,0.036033046,0.0359616,0.03602564,0.03620139,0.0799667239189148,0.08487903326749802,0.18066725
u44kric3,sample_12000,1000,"(256, 256, 256, 256)",256,256,256,256,10,3.628878e-05,-4.4399752e-05,9.5105104e-05,-0.00011723667,0.00085486507,0.02059266,0.03603341,0.03596197,0.036026012,0.03621177,0.08023948967456818,0.08501733839511871,0.18177347
fyagztpf,sample_25000,1000,"(256, 256, 256, 256)",256,256,256,256,10,3.8469603e-05,-4.210131e-05,9.712513e-05,-0.00011676285,0.000854866,0.020593021,0.036034077,0.03596263,0.036026675,0.036232043,0.08073709160089493,0.08530177175998688,0.18357928
yxiqif79,sample_32000,1000,"(256, 256, 256, 256)",256,256,256,256,10,3.7816495e-05,-4.284026e-05,9.6423915e-05,-0.000117268995,0.0008548653,0.020592922,0.036033887,0.03596244,0.036026463,0.036224034,0.08058544248342514,0.08521857112646103,0.18297227
ew70uutd,sample_40000,1000,"(256, 256, 256, 256)",256,256,256,256,10,3.8520102e-05,-4.1940002e-05,9.7457654e-05,-0.000117310425,0.0008548653,0.020593034,0.0360341,0.03596265,0.03602671,0.036229696,0.08075185865163803,0.08530298620462418,0.18367131
mc5e1a6z,sample_47000,1000,"(256, 256, 256, 256)",256,256,256,256,10,3.746494e-05,-4.308542e-05,9.6329626e-05,-0.00011739769,0.0008548653,0.020592887,0.036033824,0.035962377,0.036026414,0.03622164,0.08052514493465424,0.08517831563949585,0.18280286
92l8pqr4,sample_55000,1000,"(256, 256, 256, 256)",256,256,256,256,10,3.5613568e-05,-4.524002e-05,9.425853e-05,-0.00011779667,0.00085486344,0.020592604,0.0360333,0.035961855,0.036025867,0.036206055,0.08011437207460403,0.08495974540710449,0.18123439
cnpjwjsx,sample_8000,1000,"(512, 512, 512, 512)",512,512,512,512,10,1.0496549e-05,4.3731176e-05,-5.7351466e-05,-4.2678366e-05,0.0006773101,0.020582624,0.025500618,0.025508167,0.02547972,0.025525799,0.07858555018901825,0.0848018005490303,0.16988182
3i5vdwi3,sample_12000,1000,"(512, 512, 512, 512)",512,512,512,512,10,1.0796376e-05,4.407492e-05,-5.704118e-05,-4.2575884e-05,0.00067731005,0.020582655,0.02550066,0.025508216,0.02547977,0.025528993,0.07864831387996674,0.0848320871591568,0.17006317
sxg5qncc,sample_25000,1000,"(512, 512, 512, 512)",512,512,512,512,10,1.0226618e-05,4.3487107e-05,-5.769032e-05,-4.2601783e-05,0.00067730935,0.020582592,0.02550058,0.025508124,0.025479684,0.025523804,0.07852676510810852,0.08477295935153961,0.1696701
hohbzhy0,sample_32000,1000,"(512, 512, 512, 512)",512,512,512,512,10,1.0536716e-05,4.385121e-05,-5.728216e-05,-4.2552314e-05,0.00067730964,0.02058263,0.02550063,0.02550818,0.02547974,0.025527008,0.0785939022898674,0.08480489999055862,0.169895
w7ax8pmt,sample_40000,1000,"(512, 512, 512, 512)",512,512,512,512,10,1.0985657e-05,4.437132e-05,-5.6807618e-05,-4.2569347e-05,0.0006773101,0.020582689,0.0255007,0.025508258,0.02547982,0.025530985,0.0786912590265274,0.08485138416290283,0.17023167
6tk14a2w,sample_47000,1000,"(512, 512, 512, 512)",512,512,512,512,10,1.1479301e-05,4.4947257e-05,-5.631669e-05,-4.2461335e-05,0.00067731034,0.02058275,0.025500774,0.025508342,0.025479902,0.025535831,0.0787966400384903,0.08490270376205444,0.17059532
5t2i5bki,sample_47000,1000,"(512, 512, 512, 512)",512,512,512,512,10,1.1479301e-05,4.4947257e-05,-5.631669e-05,-4.2461335e-05,0.00067731034,0.02058275,0.025500774,0.025508342,0.025479902,0.025535831,0.0787966400384903,0.08490270376205444,0.17059518
twuplzpx,sample_55000,1000,"(512, 512, 512, 512)",512,512,512,512,10,1.02705e-05,4.3570984e-05,-5.764333e-05,-4.2647356e-05,0.0006773096,0.020582598,0.025500592,0.025508134,0.025479695,0.02552408,0.07853876799345016,0.08477912843227386,0.16973892
a52mzoza,sample_8000,1000,"(1024, 1024, 1024, 1024)",784,1024,1024,1024,10,1.1107563e-05,-1.719516e-05,2.8557484e-05,8.060722e-06,1.7107097e-05,0.020595305,0.018031927,0.018039463,0.01803868,0.017877184,0.07404759526252747,0.08294957876205444,0.16186762
1e8b5i04,sample_12000,1000,"(1024, 1024, 1024, 1024)",784,1024,1024,1024,10,1.126246e-05,-1.703168e-05,2.8653172e-05,8.192474e-06,1.7107266e-05,0.02059532,0.018031947,0.018039476,0.018038694,0.017878864,0.07407697290182114,0.08296531438827515,0.16198407
4jzviw1y,sample_25000,1000,"(1024, 1024, 1024, 1024)",784,1023,1023,1024,10,6.693836e-05,3.7307578e-05,6.511038e-05,3.4729324e-05,1.7112436e-05,0.020602109,0.018038,0.018045593,0.018045124,0.01858975,0.08459975570440292,0.08873432874679565,0.2054705
1panzcy4,sample_32000,1000,"(1024, 1024, 1024, 1024)",784,1023,1023,1024,10,6.1674175e-05,3.243247e-05,6.178585e-05,3.226116e-05,1.7111412e-05,0.020601388,0.018037358,0.018044943,0.018044433,0.01851272,0.08359716087579727,0.08817822486162186,0.20110697
24i2uzi0,sample_40000,1000,"(1024, 1024, 1024, 1024)",784,1023,1023,1024,10,6.1729545e-05,3.2471253e-05,6.17752e-05,3.2326276e-05,1.7111184e-05,0.020601407,0.018037379,0.018044958,0.018044446,0.018514615,0.08359910547733307,0.08819324523210526,0.20140004
ayc2kb58,sample_47000,1000,"(1024, 1024, 1024, 1024)",784,1023,1023,1024,10,5.9205173e-05,3.0236439e-05,6.0130387e-05,3.091689e-05,1.7111184e-05,0.020601073,0.018037079,0.018044664,0.018044135,0.018479606,0.08312354981899261,0.08793219923973083,0.1991449
tjdo2okk,sample_55000,1000,"(1024, 1024, 1024, 1024)",784,1024,1023,1024,10,0.00043763558,0.00060969614,0.00057044247,0.00044661778,1.7233391e-05,0.02104908,0.01842362,0.01843427,0.018440893,0.043306362,0.19290569424629211,0.15495960414409637,0.3183743
q3vhvb95,sample_8000,1000,"(8, 8, 8, 8)",8,8,8,8,8,-8.609537e-05,0.025750684,-0.02001594,0.039951123,0.028955817,0.020612104,0.18720672,0.18940307,0.20687342,0.20657502,0.07778880000114441,0.07870441675186157,0.67060375
9rgsco39,sample_12000,1000,"(8, 8, 8, 8)",8,8,8,8,8,-8.5737745e-05,0.025749626,-0.020021772,0.039937843,0.028955828,0.020611823,0.18720391,0.18940225,0.20687473,0.206523,0.07789553701877594,0.07866711914539337,0.6689506
1d29shzp,sample_25000,1000,"(8, 8, 8, 8)",8,8,8,8,8,-8.325274e-05,0.025748834,-0.020038337,0.039891087,0.028955836,0.020611275,0.18719861,0.18940404,0.20688318,0.20633747,0.0787048190832138,0.07870059460401535,0.66472214
027is7lr,sample_32000,1000,"(8, 8, 8, 8)",8,8,8,8,8,-8.076066e-05,0.025749322,-0.020045158,0.03986901,0.028955828,0.020611137,0.18719727,0.18940693,0.20688793,0.20624864,0.07930400222539902,0.07879361510276794,0.66245526
mjd6bjdh,sample_40000,1000,"(8, 8, 8, 8)",8,8,8,8,8,0.00014308911,0.026076097,-0.020014146,0.039449707,0.028955853,0.020644959,0.18754226,0.18982606,0.20728934,0.2048767,0.1309487670660019,0.09690219163894653,0.71850276
qdlkz5bz,sample_47000,1000,"(8, 8, 8, 8)",8,8,8,8,8,0.00014016987,0.026064212,-0.020017352,0.039455123,0.028955847,0.02064355,0.18752804,0.18980889,0.20727433,0.20488699,0.13016802072525024,0.09649571031332016,0.71565014
yyhgljzh,sample_55000,1000,"(8, 8, 8, 8)",8,8,8,8,8,0.00012324445,0.026019286,-0.020031568,0.039466932,0.028955739,0.020638855,0.18748088,0.18975998,0.20722634,0.20491062,0.1257774382829666,0.0948549211025238,0.706605
we927b2b,sample_8000,1000,"(16, 16, 16, 16)",16,16,16,16,10,-9.642823e-05,-0.0018652147,0.004054595,-0.00045961514,-0.008419835,0.02061807,0.14041607,0.14192039,0.14131758,0.14429638,0.07591824233531952,0.0828215703368187,0.42217278
piqgjuxf,sample_12000,1000,"(16, 16, 16, 16)",16,16,16,16,10,-9.721713e-05,-0.0018645644,0.004053444,-0.00046221446,-0.008419836,0.02061803,0.14041576,0.14192043,0.14131677,0.1442909,0.0758405476808548,0.08274649828672409,0.42230138
j2c73vqu,sample_25000,1000,"(16, 16, 16, 16)",16,16,16,16,10,-9.983774e-05,-0.001862705,0.0040504616,-0.00048150774,-0.008419837,0.02061793,0.14041495,0.14192083,0.14131476,0.14426097,0.07558529078960419,0.08249962329864502,0.4227524
l3uyeffe,sample_32000,1000,"(16, 16, 16, 16)",16,16,16,16,10,-0.000101114,-0.0018615755,0.0040489445,-0.00048893224,-0.008419835,0.020617893,0.14041466,0.14192119,0.14131376,0.14424874,0.07546776533126831,0.08238321542739868,0.42292982
fth9q5yv,sample_40000,1000,"(16, 16, 16, 16)",16,16,16,16,10,-0.000102581325,-0.0018609411,0.004047644,-0.0005011,-0.008419835,0.020617848,0.14041425,0.14192156,0.14131284,0.14423187,0.07534727454185486,0.08224325627088547,0.4232641
tgpdnxxm,sample_47000,1000,"(16, 16, 16, 16)",16,16,16,16,10,-0.00010360882,-0.001860131,0.0040468154,-0.0005100593,-0.008419836,0.020617835,0.14041412,0.14192206,0.14131238,0.14421958,0.07525098323822021,0.08214826136827469,0.4233972
pxjlekx8,sample_55000,1000,"(16, 16, 16, 16)",16,16,16,16,10,-9.6729884e-05,-0.0017673278,0.004042849,-0.0008616941,-0.00841979,0.020624628,0.14046244,0.14200218,0.14137411,0.14399236,0.07821276783943176,0.08511410653591156,0.39239213
clfmywjp,sample_8000,1000,"(32, 32, 32, 32)",32,32,32,32,10,-2.2458664e-05,0.002673715,0.0028851829,-0.0010316682,-0.0022653337,0.020624738,0.1007552,0.102149844,0.10320433,0.10671383,0.07610249519348145,0.08356960862874985,0.2753863
5b7w3qha,sample_12000,1000,"(32, 32, 32, 32)",32,32,32,32,10,-2.2478658e-05,0.0026742485,0.0028864215,-0.0010317909,-0.0022653334,0.020624788,0.10075544,0.10215017,0.103204906,0.10671563,0.07606448233127594,0.08358600735664368,0.27577662
twgzihr0,sample_25000,1000,"(32, 32, 32, 32)",32,32,32,32,10,-2.1541757e-05,0.0026769855,0.002889272,-0.0010372908,-0.0022653274,0.020625109,0.100756995,0.10215205,0.103206374,0.10671601,0.07620368152856827,0.08371919393539429,0.27761212
kx53mysy,sample_32000,1000,"(32, 32, 32, 32)",32,32,32,32,10,-2.1240108e-05,0.0026783142,0.0028909524,-0.0010389165,-0.0022653225,0.020625273,0.10075777,0.10215299,0.10320741,0.106717445,0.07624144852161407,0.08377720415592194,0.27871257
gufxk0g6,sample_40000,1000,"(32, 32, 32, 32)",32,32,32,32,10,-2.0656997e-05,0.0026802358,0.0028943492,-0.00103978,-0.0022653197,0.020625481,0.100758776,0.10215433,0.10320933,0.106719874,0.0763276219367981,0.08386889100074768,0.2801361
r14c9dgi,sample_47000,1000,"(32, 32, 32, 32)",32,32,32,32,10,-2.0047904e-05,0.002682011,0.0028965613,-0.0010411778,-0.002265316,0.020625692,0.100759774,0.102155626,0.10321061,0.10672169,0.07642854750156403,0.08396472036838531,0.28157026
lxebojoz,sample_55000,1000,"(32, 32, 32, 32)",32,32,32,32,10,-1.9394794e-05,0.0026842454,0.0028993853,-0.0010427312,-0.0022653118,0.020625928,0.10076091,0.102157086,0.1032122,0.10672347,0.07653987407684326,0.0840662270784378,0.28328586
p1zxv7aj,sample_8000,1000,"(64, 64, 64, 64)",64,64,64,64,10,6.3800864e-05,0.0008791011,-0.00019815203,-0.00047969207,0.0006262598,0.020640923,0.07212392,0.07205759,0.07261362,0.07187722,0.07696330547332764,0.08400285243988037,0.21546866
54mcb3xz,sample_12000,1000,"(64, 64, 64, 64)",64,64,64,64,10,6.385958e-05,0.0008795509,-0.0001980773,-0.00048028206,0.00062625913,0.020640934,0.07212397,0.0720577,0.07261363,0.0718765,0.07700170576572418,0.08400483429431915,0.21540838
gnik7102,sample_25000,1000,"(64, 64, 64, 64)",64,64,64,64,10,6.4233514e-05,0.00088089047,-0.00019802671,-0.00048401539,0.00062625966,0.02064099,0.07212415,0.07205809,0.07261352,0.071869716,0.07714873552322388,0.0840335413813591,0.21514109
57dhxdzd,sample_32000,1000,"(64, 64, 64, 64)",64,64,64,64,10,6.4553635e-05,0.0008816802,-0.0001979353,-0.0004851715,0.0006262612,0.02064104,0.072124325,0.072058365,0.072613575,0.07186875,0.07725752890110016,0.08406165987253189,0.21506351
gm7yfvwj,sample_40000,1000,"(64, 64, 64, 64)",64,64,64,64,10,0.000103498336,0.00094093947,-0.00017322646,-0.00050227816,0.0006262728,0.020647708,0.07214746,0.07208714,0.07263847,0.07199682,0.08631432056427002,0.0882345661520958,0.23924425
sq90dume,sample_47000,1000,"(64, 64, 64, 64)",64,64,64,64,10,0.000117772564,0.0009596228,-0.00016450285,-0.00049810385,0.00062627683,0.020650499,0.072157174,0.07209839,0.07265019,0.072068214,0.08938685059547424,0.08984703570604324,0.2510987
96a6mgba,sample_55000,1000,"(64, 64, 64, 64)",64,64,64,64,10,0.00011793359,0.00095926074,-0.0001641548,-0.00049669796,0.00062628,0.020650497,0.07215718,0.07209847,0.07265028,0.072071284,0.08939018845558167,0.08985753357410431,0.2511676
vxcey8np,sample_8000,1000,"(128, 128, 128, 128)",128,128,128,128,10,7.858723e-05,0.00015648577,6.821475e-05,9.760265e-05,0.0011895337,0.020637888,0.05090975,0.051095225,0.051274296,0.051499937,0.08499976992607117,0.08973734825849533,0.21936569
pk9f18ce,sample_12000,1000,"(128, 128, 128, 128)",128,128,128,128,10,8.2475686e-05,0.0001613305,6.9446134e-05,9.848163e-05,0.001189537,0.020638317,0.050910864,0.05109632,0.051275283,0.051515467,0.085678830742836,0.09009413421154022,0.22204304
dlmxokb5,sample_25000,1000,"(128, 128, 128, 128)",128,128,128,128,10,7.921963e-05,0.00015774873,6.8509864e-05,9.83341e-05,0.0011895326,0.02063798,0.050909985,0.05109545,0.051274493,0.05150308,0.08510410785675049,0.08979332447052002,0.21977815
nx8sspk1,sample_32000,1000,"(128, 128, 128, 128)",128,128,128,128,10,7.776759e-05,0.00015610264,6.8049645e-05,9.8005956e-05,0.0011895321,0.020637821,0.05090957,0.051095035,0.05127412,0.051497247,0.08485998213291168,0.08966098725795746,0.21865594
gpyca6v2,sample_40000,1000,"(128, 128, 128, 128)",128,128,128,128,10,8.0046295e-05,0.00015853086,6.8730165e-05,9.839465e-05,0.0011895351,0.020638049,0.050910164,0.051095635,0.051274657,0.0515065,0.08524337410926819,0.08986978977918625,0.22019586
0hu4yh0h,sample_47000,1000,"(128, 128, 128, 128)",128,128,128,128,10,7.577538e-05,0.00015376466,6.734993e-05,9.767947e-05,0.0011895325,0.020637613,0.05090903,0.051094465,0.05127358,0.051489238,0.0845300704240799,0.0894821360707283,0.21721591
dpg761iz,sample_55000,1000,"(128, 128, 128, 128)",128,128,128,128,10,7.6676086e-05,0.00015473907,6.764682e-05,9.7690776e-05,0.001189533,0.020637704,0.05090927,0.051094715,0.051273804,0.051492896,0.08467936515808105,0.08956272900104523,0.21790104
qjteuqj0,sample_8000,1000,"(256, 256, 256, 256)",256,256,256,256,10,4.5694174e-05,-0.0002884799,6.2534455e-05,-0.00022494886,0.00051811885,0.020626571,0.036182854,0.036019746,0.036065552,0.036058042,0.08268141746520996,0.08812975883483887,0.17355171
c2z1j1lo,sample_12000,1000,"(256, 256, 256, 256)",256,256,256,256,10,5.3266762e-05,-0.00027643162,6.288249e-05,-0.00022278827,0.0005181241,0.020627838,0.03618523,0.03602224,0.03606843,0.036134064,0.08426074683666229,0.08910278975963593,0.17756148
jhnl91pt,sample_25000,1000,"(256, 256, 256, 256)",256,256,256,256,10,4.90766e-05,-0.00028189376,6.133723e-05,-0.00022498058,0.00051812205,0.0206272,0.036184028,0.036021028,0.03606714,0.03609391,0.08339205384254456,0.08862660080194473,0.17527008
q13n714b,sample_32000,1000,"(256, 256, 256, 256)",256,256,256,256,10,4.8270562e-05,-0.0002830086,6.0878483e-05,-0.00022529274,0.0005181222,0.020627072,0.03618379,0.036020778,0.036066826,0.036085445,0.08322466909885406,0.08852406591176987,0.17484552
5fk6kepi,sample_40000,1000,"(256, 256, 256, 256)",256,256,256,256,10,4.8201593e-05,-0.00028303813,6.0940587e-05,-0.00022523974,0.0005181222,0.02062707,0.036183786,0.036020786,0.036066838,0.03608636,0.08321176469326019,0.08851991593837738,0.17485324
2svkbfkz,sample_47000,1000,"(256, 256, 256, 256)",256,256,256,256,10,4.990045e-05,-0.00028054338,6.159181e-05,-0.0002247779,0.0005181227,0.020627335,0.03618428,0.036021296,0.03606745,0.036103226,0.08356761932373047,0.08872553706169128,0.17579302
ibj70b0t,sample_55000,1000,"(256, 256, 256, 256)",256,256,256,256,10,4.85335e-05,-0.00028246266,6.1160754e-05,-0.00022514569,0.0005181219,0.020627119,0.03618387,0.036020875,0.036066957,0.03609056,0.08327953517436981,0.08855670690536499,0.17499146
dhjk1mhl,sample_8000,1000,"(512, 512, 512, 512)",512,512,512,512,10,-8.962099e-06,-7.910419e-06,-6.194865e-05,-6.400274e-05,-0.0002409711,0.020625494,0.025504619,0.025494536,0.02551418,0.025283948,0.07864668220281601,0.08653751015663147,0.17138429
owghm6s4,sample_12000,1000,"(512, 512, 512, 512)",512,511,512,512,10,0.00021341488,0.00021192437,0.0001075473,7.022395e-05,-0.00024096035,0.020665167,0.025554672,0.025546627,0.025570093,0.02843238,0.1263037472963333,0.11172115057706833,0.3317556
pxk9zv06,sample_25000,1000,"(512, 512, 512, 512)",512,512,512,512,10,-1.1720397e-05,-1.0401762e-05,-6.42947e-05,-6.511966e-05,-0.00024097119,0.020625137,0.025504189,0.025494082,0.025513683,0.025254197,0.07805916666984558,0.08622726052999496,0.16913615
likb2szx,sample_32000,1000,"(512, 512, 512, 512)",512,512,512,512,10,-1.12938305e-05,-9.991698e-06,-6.3799605e-05,-6.49029e-05,-0.00024097152,0.0206252,0.025504263,0.025494162,0.02551377,0.025259696,0.07815416902303696,0.08627699315547943,0.16947648
nws5wfct,sample_40000,1000,"(512, 512, 512, 512)",512,512,512,512,10,-1.2924892e-05,-1.1483538e-05,-6.545078e-05,-6.55491e-05,-0.00024097264,0.020624977,0.025503993,0.025493879,0.02551345,0.025241014,0.07778742909431458,0.08608879894018173,0.16807282
my4o8jkw,sample_47000,1000,"(512, 512, 512, 512)",512,512,512,512,10,-1.2100181e-05,-1.0739453e-05,-6.461878e-05,-6.520034e-05,-0.00024097208,0.020625088,0.025504127,0.025494024,0.025513612,0.025250485,0.07797230780124664,0.08618493378162384,0.16875422
8g8wfy6c,sample_55000,1000,"(512, 512, 512, 512)",512,512,512,512,10,-1.1031348e-05,-9.744854e-06,-6.3551306e-05,-6.478318e-05,-0.00024097154,0.020625234,0.025504302,0.025494209,0.025513818,0.02526271,0.07820872962474823,0.0863092690706253,0.16964953
wicphsy4,sample_8000,1000,"(1024, 1024, 1024, 1024)",784,1024,1024,1024,10,-5.5500245e-06,-2.4038247e-05,-1.230719e-05,5.386939e-06,5.2794792e-05,0.020619247,0.018035572,0.01804501,0.018032072,0.018116085,0.07548453658819199,0.084520123898983,0.16273144
1i57m0qc,sample_12000,1000,"(1024, 1024, 1024, 1024)",784,1024,1024,1023,10,0.0005992052,0.0005801536,0.00047982892,0.00043383302,5.2846386e-05,0.020920303,0.01829894,0.018313268,0.018305734,0.03732081,0.21809358894824982,0.15865299105644226,0.3750135
n48uiipa,sample_25000,1000,"(1024, 1024, 1024, 1024)",784,1024,1024,1024,10,-6.038682e-06,-2.458852e-05,-1.2808656e-05,5.1309758e-06,5.2794356e-05,0.020619195,0.018035527,0.018044965,0.018032022,0.01810947,0.0753883570432663,0.0844695121049881,0.16248754
d4946bfc,sample_32000,1000,"(1024, 1024, 1024, 1024)",784,1024,1024,1024,10,-5.9000004e-06,-2.4459803e-05,-1.2684674e-05,5.1998895e-06,5.2794356e-05,0.020619212,0.018035538,0.018044977,0.018032035,0.018110845,0.07541536539793015,0.08448365330696106,0.16257101
v1itzlrk,sample_40000,1000,"(1024, 1024, 1024, 1024)",784,1024,1024,1024,10,-6.230092e-06,-2.4802066e-05,-1.29568725e-05,5.0259687e-06,5.2794574e-05,0.020619174,0.018035509,0.018044945,0.018032001,0.01810711,0.07535180449485779,0.08444928377866745,0.16236342
lyp5g2gk,sample_47000,1000,"(1024, 1024, 1024, 1024)",784,1023,1024,1024,10,0.00040161167,0.00060978153,0.00051952765,0.00047152257,5.297067e-05,0.021130623,0.018476881,0.018490514,0.018483134,0.04545932,0.19504275918006897,0.15705960988998413,0.31774163
ei9ghick,sample_55000,1000,"(1024, 1024, 1024, 1024)",784,1023,1024,1024,10,0.0003807601,0.000621972,0.0005329959,0.00048648455,5.3014082e-05,0.021195773,0.018532753,0.018545995,0.018538358,0.047716938,0.194076806306839,0.15828442573547363,0.30672747
